tiny_forest_id,surv_type,date,survey_id,year,month,n,ndist
85,butterfly,2021-07-25,824,2021,7,1,1
85,butterfly,2022-05-12,2268,2022,5,1,1
85,ground_dwellers,2021-07-25,828,2021,7,6,6
85,ground_dwellers,2021-07-25,830,2021,7,6,6
85,ground_dwellers,2021-07-25,832,2021,7,6,6
85,ground_dwellers,2021-07-25,833,2021,7,6,6
85,ground_dwellers,2021-07-25,835,2021,7,6,6
85,ground_dwellers,2021-07-25,836,2021,7,6,6
85,ground_dwellers,2021-09-09,1048,2021,9,6,6
85,ground_dwellers,2021-09-09,1051,2021,9,6,6
85,ground_dwellers,2021-09-09,1053,2021,9,6,6
85,ground_dwellers,2021-09-09,1057,2021,9,6,6
85,ground_dwellers,2021-09-09,1058,2021,9,6,6
85,ground_dwellers,2021-09-09,1060,2021,9,6,6
85,ground_dwellers,2022-04-14,2136,2022,4,3,3
85,ground_dwellers,2022-04-14,2137,2022,4,3,3
85,ground_dwellers,2022-04-14,2138,2022,4,3,3
85,ground_dwellers,2022-05-12,2262,2022,5,5,5
85,ground_dwellers,2022-05-12,2263,2022,5,5,5
85,ground_dwellers,2022-05-12,2264,2022,5,5,5
85,ground_dwellers,2022-05-12,2265,2022,5,5,5
85,ground_dwellers,2022-05-12,2266,2022,5,5,5
85,ground_dwellers,2022-10-10,7996,2022,10,17,17
85,ground_dwellers,2022-10-10,7998,2022,10,17,17
85,ground_dwellers,2022-10-10,8012,2022,10,17,17
85,ground_dwellers,2022-10-10,8013,2022,10,17,17
85,ground_dwellers,2022-10-10,8014,2022,10,17,17
85,ground_dwellers,2022-10-10,8015,2022,10,17,17
85,ground_dwellers,2022-10-10,8017,2022,10,17,17
85,ground_dwellers,2022-10-10,8018,2022,10,17,17
85,ground_dwellers,2022-10-10,8040,2022,10,17,17
85,ground_dwellers,2022-10-10,8041,2022,10,17,17
85,ground_dwellers,2022-10-10,8042,2022,10,17,17
85,ground_dwellers,2022-10-10,8043,2022,10,17,17
85,ground_dwellers,2022-10-10,8044,2022,10,17,17
85,ground_dwellers,2022-10-10,8047,2022,10,17,17
85,ground_dwellers,2022-10-10,8048,2022,10,17,17
85,ground_dwellers,2022-10-10,8081,2022,10,17,17
85,ground_dwellers,2022-10-10,8095,2022,10,17,17
85,ground_dwellers,2023-03-22,9316,2023,3,11,11
85,ground_dwellers,2023-03-22,9317,2023,3,11,11
85,ground_dwellers,2023-03-22,9318,2023,3,11,11
85,ground_dwellers,2023-03-22,9319,2023,3,11,11
85,ground_dwellers,2023-03-22,9320,2023,3,11,11
85,ground_dwellers,2023-03-22,9321,2023,3,11,11
85,ground_dwellers,2023-03-22,9322,2023,3,11,11
85,ground_dwellers,2023-03-22,9323,2023,3,11,11
85,ground_dwellers,2023-03-22,9324,2023,3,11,11
85,ground_dwellers,2023-03-22,9325,2023,3,11,11
85,ground_dwellers,2023-03-22,9326,2023,3,11,11
85,ground_dwellers,2023-05-23,10319,2023,5,3,3
85,ground_dwellers,2023-05-23,10320,2023,5,3,3
85,ground_dwellers,2023-05-23,10321,2023,5,3,3
85,ground_dwellers,2023-08-14,13218,2023,8,4,4
85,ground_dwellers,2023-08-14,13230,2023,8,4,4
85,ground_dwellers,2023-08-14,13231,2023,8,4,4
85,ground_dwellers,2023-08-14,13232,2023,8,4,4
85,ground_dwellers,2023-09-13,14214,2023,9,4,4
85,ground_dwellers,2023-09-13,14312,2023,9,4,4
85,ground_dwellers,2023-09-13,14313,2023,9,4,4
85,ground_dwellers,2023-09-13,14314,2023,9,4,4
85,pollinators,2021-09-09,1069,2021,9,4,4
85,pollinators,2021-09-09,1070,2021,9,4,4
85,pollinators,2021-09-09,1071,2021,9,4,4
85,pollinators,2021-09-09,1072,2021,9,4,4
85,pollinators,2023-09-13,14217,2023,9,4,4
85,pollinators,2023-09-13,14218,2023,9,4,4
85,pollinators,2023-09-13,14219,2023,9,4,4
85,pollinators,2023-09-13,14220,2023,9,4,4
86,butterfly,2022-05-10,2209,2022,5,1,1
86,butterfly,2023-07-18,12911,2023,7,1,1
86,ground_dwellers,2021-07-06,518,2021,7,6,6
86,ground_dwellers,2021-07-06,519,2021,7,6,6
86,ground_dwellers,2021-07-06,520,2021,7,6,6
86,ground_dwellers,2021-07-06,521,2021,7,6,6
86,ground_dwellers,2021-07-06,522,2021,7,6,6
86,ground_dwellers,2021-07-06,523,2021,7,6,6
86,ground_dwellers,2022-05-10,2158,2022,5,8,8
86,ground_dwellers,2022-05-10,2159,2022,5,8,8
86,ground_dwellers,2022-05-10,2160,2022,5,8,8
86,ground_dwellers,2022-05-10,2161,2022,5,8,8
86,ground_dwellers,2022-05-10,2202,2022,5,8,8
86,ground_dwellers,2022-05-10,2203,2022,5,8,8
86,ground_dwellers,2022-05-10,2204,2022,5,8,8
86,ground_dwellers,2022-05-10,2205,2022,5,8,8
86,pollinators,2022-05-10,2207,2022,5,1,1
86,pollinators,2023-07-18,12890,2023,7,3,3
86,pollinators,2023-07-18,12899,2023,7,3,3
86,pollinators,2023-07-18,12910,2023,7,3,3
87,butterfly,2021-07-10,525,2021,7,1,1
87,butterfly,2022-05-21,2442,2022,5,2,2
87,butterfly,2022-05-31,3006,2022,5,2,2
87,butterfly,2022-06-23,4112,2022,6,1,1
87,ground_dwellers,2021-07-10,619,2021,7,6,6
87,ground_dwellers,2021-07-10,620,2021,7,6,6
87,ground_dwellers,2021-07-10,621,2021,7,6,6
87,ground_dwellers,2021-07-10,622,2021,7,6,6
87,ground_dwellers,2021-07-10,623,2021,7,6,6
87,ground_dwellers,2021-07-10,624,2021,7,6,6
87,ground_dwellers,2022-05-21,2444,2022,5,1,1
87,ground_dwellers,2022-06-23,4119,2022,6,5,5
87,ground_dwellers,2022-06-23,4120,2022,6,5,5
87,ground_dwellers,2022-06-23,4121,2022,6,5,5
87,ground_dwellers,2022-06-23,4122,2022,6,5,5
87,ground_dwellers,2022-06-23,4123,2022,6,5,5
87,ground_dwellers,2022-10-08,7986,2022,10,5,5
87,ground_dwellers,2022-10-08,7987,2022,10,5,5
87,ground_dwellers,2022-10-08,7988,2022,10,5,5
87,ground_dwellers,2022-10-08,7989,2022,10,5,5
87,ground_dwellers,2022-10-08,7990,2022,10,5,5
87,ground_dwellers,2023-01-28,8680,2023,1,12,12
87,ground_dwellers,2023-01-28,8681,2023,1,12,12
87,ground_dwellers,2023-01-28,8682,2023,1,12,12
87,ground_dwellers,2023-01-28,8683,2023,1,12,12
87,ground_dwellers,2023-01-28,8684,2023,1,12,12
87,ground_dwellers,2023-01-28,8685,2023,1,12,12
87,ground_dwellers,2023-01-28,8686,2023,1,12,12
87,ground_dwellers,2023-01-28,8687,2023,1,12,12
87,ground_dwellers,2023-01-28,8688,2023,1,12,12
87,ground_dwellers,2023-01-28,8689,2023,1,12,12
87,ground_dwellers,2023-01-28,8690,2023,1,12,12
87,ground_dwellers,2023-01-28,8691,2023,1,12,12
87,ground_dwellers,2023-08-15,13274,2023,8,4,4
87,ground_dwellers,2023-08-15,13276,2023,8,4,4
87,ground_dwellers,2023-08-15,13277,2023,8,4,4
87,ground_dwellers,2023-08-15,13300,2023,8,4,4
87,pollinators,2021-07-10,626,2021,7,1,1
87,pollinators,2022-05-21,2443,2022,5,3,3
87,pollinators,2022-05-31,3007,2022,5,3,3
87,pollinators,2022-05-31,3008,2022,5,3,3
87,pollinators,2022-06-23,4109,2022,6,3,3
87,pollinators,2022-06-23,4110,2022,6,3,3
87,pollinators,2022-06-23,4111,2022,6,3,3
87,pollinators,2022-10-08,7991,2022,10,2,2
87,pollinators,2022-10-08,7992,2022,10,2,2
88,ground_dwellers,2022-07-21,5391,2022,7,1,1
88,ground_dwellers,2023-05-16,9598,2023,5,13,13
88,ground_dwellers,2023-05-16,9599,2023,5,13,13
88,ground_dwellers,2023-05-16,9600,2023,5,13,13
88,ground_dwellers,2023-05-16,9601,2023,5,13,13
88,ground_dwellers,2023-05-16,9602,2023,5,13,13
88,ground_dwellers,2023-05-16,9603,2023,5,13,13
88,ground_dwellers,2023-05-16,9604,2023,5,13,13
88,ground_dwellers,2023-05-16,9605,2023,5,13,13
88,ground_dwellers,2023-05-16,9624,2023,5,13,13
88,ground_dwellers,2023-05-16,9625,2023,5,13,13
88,ground_dwellers,2023-05-16,9627,2023,5,13,13
88,ground_dwellers,2023-05-16,9628,2023,5,13,13
88,ground_dwellers,2023-05-16,9629,2023,5,13,13
88,pollinators,2021-06-23,841,2021,6,5,5
88,pollinators,2021-06-23,842,2021,6,5,5
88,pollinators,2021-06-23,844,2021,6,5,5
88,pollinators,2021-06-23,847,2021,6,5,5
88,pollinators,2021-06-23,850,2021,6,5,5
88,pollinators,2022-06-20,3939,2022,6,1,1
88,pollinators,2022-07-21,5392,2022,7,3,3
88,pollinators,2022-07-21,5393,2022,7,3,3
88,pollinators,2022-07-21,5394,2022,7,3,3
89,butterfly,2022-05-19,2429,2022,5,1,1
89,butterfly,2022-09-14,6764,2022,9,1,1
89,ground_dwellers,2022-09-14,6650,2022,9,6,6
89,ground_dwellers,2022-09-14,6654,2022,9,6,6
89,ground_dwellers,2022-09-14,6660,2022,9,6,6
89,ground_dwellers,2022-09-14,6751,2022,9,6,6
89,ground_dwellers,2022-09-14,6752,2022,9,6,6
89,ground_dwellers,2022-09-14,6775,2022,9,6,6
89,pollinators,2022-09-14,6756,2022,9,5,5
89,pollinators,2022-09-14,6760,2022,9,5,5
89,pollinators,2022-09-14,6763,2022,9,5,5
89,pollinators,2022-09-14,6768,2022,9,5,5
89,pollinators,2022-09-14,6769,2022,9,5,5
89,pollinators,2023-06-07,11071,2023,6,1,1
91,ground_dwellers,2021-06-10,629,2021,6,3,3
91,ground_dwellers,2021-06-10,631,2021,6,3,3
91,ground_dwellers,2021-06-10,632,2021,6,3,3
91,ground_dwellers,2022-05-17,2650,2022,5,2,2
91,ground_dwellers,2022-05-17,2651,2022,5,2,2
91,pollinators,2022-05-17,2646,2022,5,4,4
91,pollinators,2022-05-17,2647,2022,5,4,4
91,pollinators,2022-05-17,2648,2022,5,4,4
91,pollinators,2022-05-17,2649,2022,5,4,4
92,butterfly,2021-07-15,636,2021,7,1,1
92,butterfly,2022-05-27,2672,2022,5,9,9
92,butterfly,2022-05-27,2673,2022,5,9,9
92,butterfly,2022-05-27,2674,2022,5,9,9
92,butterfly,2022-05-27,2675,2022,5,9,9
92,butterfly,2022-05-27,2676,2022,5,9,9
92,butterfly,2022-05-27,2677,2022,5,9,9
92,butterfly,2022-05-27,2678,2022,5,9,9
92,butterfly,2022-05-27,2679,2022,5,9,9
92,butterfly,2022-05-27,2680,2022,5,9,9
92,butterfly,2022-06-07,3080,2022,6,2,2
92,butterfly,2022-06-07,3095,2022,6,2,2
92,butterfly,2023-05-26,10542,2023,5,2,2
92,butterfly,2023-05-26,10543,2023,5,2,2
92,ground_dwellers,2021-07-15,637,2021,7,2,2
92,ground_dwellers,2021-07-15,641,2021,7,2,2
92,ground_dwellers,2021-11-04,1430,2021,11,3,3
92,ground_dwellers,2021-11-04,1431,2021,11,3,3
92,ground_dwellers,2021-11-04,1432,2021,11,3,3
92,ground_dwellers,2022-02-24,2112,2022,2,5,5
92,ground_dwellers,2022-02-24,2113,2022,2,5,5
92,ground_dwellers,2022-02-24,2114,2022,2,5,5
92,ground_dwellers,2022-02-24,2115,2022,2,5,5
92,ground_dwellers,2022-02-24,2116,2022,2,5,5
92,ground_dwellers,2022-03-31,2139,2022,3,4,4
92,ground_dwellers,2022-03-31,2140,2022,3,4,4
92,ground_dwellers,2022-03-31,2141,2022,3,4,4
92,ground_dwellers,2022-03-31,2142,2022,3,4,4
92,ground_dwellers,2023-08-04,13111,2023,8,2,2
92,ground_dwellers,2023-08-08,13112,2023,8,2,2
92,pollinators,2022-05-27,2688,2022,5,10,10
92,pollinators,2022-05-27,2689,2022,5,10,10
92,pollinators,2022-05-27,2690,2022,5,10,10
92,pollinators,2022-05-27,2691,2022,5,10,10
92,pollinators,2022-05-27,2692,2022,5,10,10
92,pollinators,2022-05-27,2693,2022,5,10,10
92,pollinators,2022-05-27,2694,2022,5,10,10
92,pollinators,2022-05-27,2695,2022,5,10,10
92,pollinators,2022-05-27,2697,2022,5,10,10
92,pollinators,2022-05-28,2809,2022,5,10,10
92,pollinators,2022-06-07,3108,2022,6,1,1
92,pollinators,2023-05-26,10544,2023,5,2,2
92,pollinators,2023-05-26,10545,2023,5,2,2
93,butterfly,2021-09-29,1188,2021,9,1,1
93,butterfly,2022-05-27,2701,2022,5,7,7
93,butterfly,2022-05-27,2705,2022,5,7,7
93,butterfly,2022-05-27,2712,2022,5,7,7
93,butterfly,2022-05-27,2718,2022,5,7,7
93,butterfly,2022-05-27,2721,2022,5,7,7
93,butterfly,2022-05-27,2728,2022,5,7,7
93,butterfly,2022-05-27,2736,2022,5,7,7
93,butterfly,2022-06-22,4026,2022,6,1,1
93,ground_dwellers,2021-06-29,652,2021,6,6,6
93,ground_dwellers,2021-06-29,653,2021,6,6,6
93,ground_dwellers,2021-06-29,654,2021,6,6,6
93,ground_dwellers,2021-06-29,656,2021,6,6,6
93,ground_dwellers,2021-06-29,657,2021,6,6,6
93,ground_dwellers,2021-06-29,659,2021,6,6,6
93,ground_dwellers,2021-09-29,1192,2021,9,7,7
93,ground_dwellers,2021-09-29,1195,2021,9,7,7
93,ground_dwellers,2021-09-29,1197,2021,9,7,7
93,ground_dwellers,2021-09-29,1199,2021,9,7,7
93,ground_dwellers,2021-09-29,1201,2021,9,7,7
93,ground_dwellers,2021-09-29,1202,2021,9,7,7
93,ground_dwellers,2021-09-29,1211,2021,9,7,7
93,ground_dwellers,2022-05-27,2711,2022,5,9,9
93,ground_dwellers,2022-05-27,2716,2022,5,9,9
93,ground_dwellers,2022-05-27,2723,2022,5,9,9
93,ground_dwellers,2022-05-27,2729,2022,5,9,9
93,ground_dwellers,2022-05-27,2732,2022,5,9,9
93,ground_dwellers,2022-05-27,2733,2022,5,9,9
93,ground_dwellers,2022-05-27,2735,2022,5,9,9
93,ground_dwellers,2022-05-27,2737,2022,5,9,9
93,ground_dwellers,2022-05-27,2738,2022,5,9,9
93,ground_dwellers,2022-06-22,3980,2022,6,3,3
93,ground_dwellers,2022-06-22,4034,2022,6,3,3
93,ground_dwellers,2022-06-22,4035,2022,6,3,3
93,ground_dwellers,2022-09-20,6919,2022,9,4,4
93,ground_dwellers,2022-09-20,6921,2022,9,4,4
93,ground_dwellers,2022-09-20,6964,2022,9,4,4
93,ground_dwellers,2022-09-20,7009,2022,9,4,4
93,ground_dwellers,2023-07-25,12941,2023,7,5,5
93,ground_dwellers,2023-07-25,12943,2023,7,5,5
93,ground_dwellers,2023-07-25,12947,2023,7,5,5
93,ground_dwellers,2023-07-25,12948,2023,7,5,5
93,ground_dwellers,2023-07-25,12958,2023,7,5,5
93,ground_dwellers,2023-09-19,14609,2023,9,1,1
93,pollinators,2022-05-27,2700,2022,5,13,13
93,pollinators,2022-05-27,2703,2022,5,13,13
93,pollinators,2022-05-27,2706,2022,5,13,13
93,pollinators,2022-05-27,2707,2022,5,13,13
93,pollinators,2022-05-27,2708,2022,5,13,13
93,pollinators,2022-05-27,2709,2022,5,13,13
93,pollinators,2022-05-27,2713,2022,5,13,13
93,pollinators,2022-05-27,2715,2022,5,13,13
93,pollinators,2022-05-27,2717,2022,5,13,13
93,pollinators,2022-05-27,2720,2022,5,13,13
93,pollinators,2022-05-27,2726,2022,5,13,13
93,pollinators,2022-05-27,2727,2022,5,13,13
93,pollinators,2022-05-27,2734,2022,5,13,13
93,pollinators,2022-06-22,3981,2022,6,1,1
93,pollinators,2022-09-20,7018,2022,9,1,1
93,pollinators,2023-07-25,12923,2023,7,3,3
93,pollinators,2023-07-25,12924,2023,7,3,3
93,pollinators,2023-07-25,12925,2023,7,3,3
94,butterfly,2021-07-28,666,2021,7,1,1
94,ground_dwellers,2021-07-28,1703,2021,7,5,5
94,ground_dwellers,2021-07-28,1704,2021,7,5,5
94,ground_dwellers,2021-07-28,1705,2021,7,5,5
94,ground_dwellers,2021-07-28,1706,2021,7,5,5
94,ground_dwellers,2021-07-28,1707,2021,7,5,5
94,ground_dwellers,2022-07-14,4992,2022,7,12,12
94,ground_dwellers,2022-07-14,4993,2022,7,12,12
94,ground_dwellers,2022-07-14,4994,2022,7,12,12
94,ground_dwellers,2022-07-14,4995,2022,7,12,12
94,ground_dwellers,2022-07-14,4997,2022,7,12,12
94,ground_dwellers,2022-07-14,4998,2022,7,12,12
94,ground_dwellers,2022-07-26,5471,2022,7,12,12
94,ground_dwellers,2022-07-26,5472,2022,7,12,12
94,ground_dwellers,2022-07-26,5473,2022,7,12,12
94,ground_dwellers,2022-07-26,5474,2022,7,12,12
94,ground_dwellers,2022-07-26,5475,2022,7,12,12
94,ground_dwellers,2022-07-26,5476,2022,7,12,12
94,pollinators,2021-07-28,668,2021,7,4,4
94,pollinators,2021-07-28,685,2021,7,4,4
94,pollinators,2021-07-28,686,2021,7,4,4
94,pollinators,2021-07-28,687,2021,7,4,4
94,pollinators,2022-07-14,4988,2022,7,4,4
94,pollinators,2022-07-14,4989,2022,7,4,4
94,pollinators,2022-07-14,4990,2022,7,4,4
94,pollinators,2022-07-14,4991,2022,7,4,4
95,butterfly,2021-07-14,682,2021,7,1,1
95,butterfly,2022-05-29,2813,2022,5,1,1
95,butterfly,2023-05-21,10229,2023,5,1,1
95,butterfly,2023-08-18,13366,2023,8,1,1
95,ground_dwellers,2021-07-14,516,2021,7,6,6
95,ground_dwellers,2021-07-14,517,2021,7,6,6
95,ground_dwellers,2021-07-14,677,2021,7,6,6
95,ground_dwellers,2021-07-14,678,2021,7,6,6
95,ground_dwellers,2021-07-14,679,2021,7,6,6
95,ground_dwellers,2021-07-14,680,2021,7,6,6
95,ground_dwellers,2022-05-29,2814,2022,5,1,1
95,ground_dwellers,2022-06-15,3828,2022,6,7,7
95,ground_dwellers,2022-06-15,3829,2022,6,7,7
95,ground_dwellers,2022-06-15,3851,2022,6,7,7
95,ground_dwellers,2022-06-15,3852,2022,6,7,7
95,ground_dwellers,2022-06-15,3853,2022,6,7,7
95,ground_dwellers,2022-06-15,3854,2022,6,7,7
95,ground_dwellers,2022-06-15,3855,2022,6,7,7
95,ground_dwellers,2023-05-21,10202,2023,5,3,3
95,ground_dwellers,2023-05-21,10203,2023,5,3,3
95,ground_dwellers,2023-05-21,10204,2023,5,3,3
95,ground_dwellers,2023-08-18,13327,2023,8,8,8
95,ground_dwellers,2023-08-18,13328,2023,8,8,8
95,ground_dwellers,2023-08-18,13331,2023,8,8,8
95,ground_dwellers,2023-08-18,13333,2023,8,8,8
95,ground_dwellers,2023-08-18,13335,2023,8,8,8
95,ground_dwellers,2023-08-18,13337,2023,8,8,8
95,ground_dwellers,2023-08-18,13357,2023,8,8,8
95,ground_dwellers,2023-08-18,13358,2023,8,8,8
95,pollinators,2022-05-29,2815,2022,5,1,1
95,pollinators,2023-05-21,10205,2023,5,1,1
95,pollinators,2023-08-18,13362,2023,8,4,4
95,pollinators,2023-08-18,13363,2023,8,4,4
95,pollinators,2023-08-18,13364,2023,8,4,4
95,pollinators,2023-08-18,13365,2023,8,4,4
96,butterfly,2021-06-22,693,2021,6,2,2
96,butterfly,2021-06-22,4791,2021,6,2,2
96,butterfly,2021-10-05,1348,2021,10,1,1
96,ground_dwellers,2021-06-22,695,2021,6,9,9
96,ground_dwellers,2021-06-22,696,2021,6,9,9
96,ground_dwellers,2021-06-22,697,2021,6,9,9
96,ground_dwellers,2021-06-22,698,2021,6,9,9
96,ground_dwellers,2021-06-22,700,2021,6,9,9
96,ground_dwellers,2021-06-22,4780,2021,6,9,9
96,ground_dwellers,2021-06-22,4781,2021,6,9,9
96,ground_dwellers,2021-06-22,4783,2021,6,9,9
96,ground_dwellers,2021-06-22,4784,2021,6,9,9
96,ground_dwellers,2021-07-22,4782,2021,7,1,1
96,ground_dwellers,2021-10-05,1323,2021,10,4,4
96,ground_dwellers,2021-10-05,1324,2021,10,4,4
96,ground_dwellers,2021-10-05,1326,2021,10,4,4
96,ground_dwellers,2021-10-05,1327,2021,10,4,4
96,ground_dwellers,2022-06-07,3753,2022,6,5,5
96,ground_dwellers,2022-06-07,3754,2022,6,5,5
96,ground_dwellers,2022-06-07,3792,2022,6,5,5
96,ground_dwellers,2022-06-07,3794,2022,6,5,5
96,ground_dwellers,2022-06-07,3798,2022,6,5,5
96,pollinators,2021-06-22,702,2021,6,2,2
96,pollinators,2021-06-22,4789,2021,6,2,2
97,ground_dwellers,2021-06-30,705,2021,6,6,6
97,ground_dwellers,2021-06-30,706,2021,6,6,6
97,ground_dwellers,2021-06-30,707,2021,6,6,6
97,ground_dwellers,2021-06-30,709,2021,6,6,6
97,ground_dwellers,2021-06-30,710,2021,6,6,6
97,ground_dwellers,2021-06-30,712,2021,6,6,6
97,ground_dwellers,2023-06-15,11545,2023,6,2,2
97,ground_dwellers,2023-06-15,11546,2023,6,2,2
97,pollinators,2023-06-15,11540,2023,6,4,4
97,pollinators,2023-06-15,11541,2023,6,4,4
97,pollinators,2023-06-15,11542,2023,6,4,4
97,pollinators,2023-06-15,11543,2023,6,4,4
98,butterfly,2022-05-27,2667,2022,5,1,1
98,butterfly,2022-06-22,3979,2022,6,1,1
98,butterfly,2023-05-23,10289,2023,5,2,2
98,butterfly,2023-05-23,10290,2023,5,2,2
98,butterfly,2023-08-15,13256,2023,8,1,1
98,ground_dwellers,2022-05-27,2670,2022,5,1,1
98,ground_dwellers,2022-06-22,4046,2022,6,3,3
98,ground_dwellers,2022-06-22,4050,2022,6,3,3
98,ground_dwellers,2022-06-22,4051,2022,6,3,3
98,ground_dwellers,2023-05-23,10291,2023,5,4,4
98,ground_dwellers,2023-05-24,10429,2023,5,4,4
98,ground_dwellers,2023-05-24,10430,2023,5,4,4
98,ground_dwellers,2023-05-24,10431,2023,5,4,4
98,pollinators,2022-05-27,2671,2022,5,1,1
98,pollinators,2023-05-23,10287,2023,5,3,3
98,pollinators,2023-05-23,10288,2023,5,3,3
98,pollinators,2023-05-23,10307,2023,5,3,3
98,pollinators,2023-08-15,13255,2023,8,1,1
99,butterfly,2021-07-28,383,2021,7,1,1
99,ground_dwellers,2021-07-01,717,2021,7,3,3
99,ground_dwellers,2021-07-01,719,2021,7,3,3
99,ground_dwellers,2021-07-28,384,2021,7,3,3
99,ground_dwellers,2021-10-07,2019,2021,10,4,4
99,ground_dwellers,2021-10-07,2020,2021,10,4,4
99,ground_dwellers,2021-10-07,2021,2021,10,4,4
99,ground_dwellers,2021-10-07,2022,2021,10,4,4
99,ground_dwellers,2022-09-28,7983,2022,9,3,3
99,ground_dwellers,2022-09-28,7984,2022,9,3,3
99,ground_dwellers,2022-09-28,7985,2022,9,3,3
99,pollinators,2021-07-28,385,2021,7,1,1
100,ground_dwellers,2021-06-28,732,2021,6,5,5
100,ground_dwellers,2021-06-28,733,2021,6,5,5
100,ground_dwellers,2021-06-28,735,2021,6,5,5
100,ground_dwellers,2021-06-30,740,2021,6,5,5
100,ground_dwellers,2021-06-30,960,2021,6,5,5
132,ground_dwellers,2022-05-18,2399,2022,5,3,3
132,ground_dwellers,2022-05-18,2400,2022,5,3,3
132,ground_dwellers,2022-05-26,2652,2022,5,3,3
132,ground_dwellers,2022-09-13,6457,2022,9,3,3
132,ground_dwellers,2022-09-13,6496,2022,9,3,3
132,ground_dwellers,2022-09-13,6499,2022,9,3,3
132,pollinators,2022-09-13,6565,2022,9,2,2
132,pollinators,2022-09-13,6566,2022,9,2,2
133,ground_dwellers,2022-05-17,2353,2022,5,3,3
133,ground_dwellers,2022-05-17,2354,2022,5,3,3
133,ground_dwellers,2022-05-17,2355,2022,5,3,3
135,ground_dwellers,2022-08-31,6062,2022,8,5,5
135,ground_dwellers,2022-08-31,6063,2022,8,5,5
135,ground_dwellers,2022-08-31,6064,2022,8,5,5
135,ground_dwellers,2022-08-31,6065,2022,8,5,5
135,ground_dwellers,2022-08-31,6066,2022,8,5,5
135,ground_dwellers,2022-09-12,6379,2022,9,5,5
135,ground_dwellers,2022-09-12,6380,2022,9,5,5
135,ground_dwellers,2022-09-12,6381,2022,9,5,5
135,ground_dwellers,2022-09-12,6382,2022,9,5,5
135,ground_dwellers,2022-09-12,6383,2022,9,5,5
135,pollinators,2022-08-31,6060,2022,8,1,1
135,pollinators,2022-09-12,6409,2022,9,5,5
135,pollinators,2022-09-12,6414,2022,9,5,5
135,pollinators,2022-09-12,6415,2022,9,5,5
135,pollinators,2022-09-12,6416,2022,9,5,5
135,pollinators,2022-09-12,6417,2022,9,5,5
136,butterfly,2022-05-30,2940,2022,5,1,1
136,ground_dwellers,2022-05-30,2824,2022,5,6,6
136,ground_dwellers,2022-05-30,2825,2022,5,6,6
136,ground_dwellers,2022-05-30,2897,2022,5,6,6
136,ground_dwellers,2022-05-30,2906,2022,5,6,6
136,ground_dwellers,2022-05-30,2912,2022,5,6,6
136,ground_dwellers,2022-05-30,2919,2022,5,6,6
136,pollinators,2022-05-30,2891,2022,5,1,1
137,ground_dwellers,2022-05-31,2950,2022,5,4,4
137,ground_dwellers,2022-05-31,2951,2022,5,4,4
137,ground_dwellers,2022-05-31,2952,2022,5,4,4
137,ground_dwellers,2022-05-31,2954,2022,5,4,4
137,ground_dwellers,2022-06-01,3009,2022,6,1,1
137,pollinators,2022-05-31,2980,2022,5,3,3
137,pollinators,2022-05-31,2981,2022,5,3,3
137,pollinators,2022-05-31,2982,2022,5,3,3
138,butterfly,2022-05-25,2605,2022,5,1,1
138,ground_dwellers,2022-05-24,2527,2022,5,13,13
138,ground_dwellers,2022-05-24,2528,2022,5,13,13
138,ground_dwellers,2022-05-24,2529,2022,5,13,13
138,ground_dwellers,2022-05-24,2530,2022,5,13,13
138,ground_dwellers,2022-05-24,2531,2022,5,13,13
138,ground_dwellers,2022-05-24,2532,2022,5,13,13
138,ground_dwellers,2022-05-25,2606,2022,5,13,13
138,ground_dwellers,2022-05-26,2659,2022,5,13,13
138,ground_dwellers,2022-05-26,2660,2022,5,13,13
138,ground_dwellers,2022-05-26,2661,2022,5,13,13
138,ground_dwellers,2022-05-26,2662,2022,5,13,13
138,ground_dwellers,2022-05-26,2663,2022,5,13,13
138,ground_dwellers,2022-05-26,2664,2022,5,13,13
138,ground_dwellers,2022-06-29,4473,2022,6,6,6
138,ground_dwellers,2022-06-29,4474,2022,6,6,6
138,ground_dwellers,2022-06-29,4475,2022,6,6,6
138,ground_dwellers,2022-06-29,4476,2022,6,6,6
138,ground_dwellers,2022-06-29,4477,2022,6,6,6
138,ground_dwellers,2022-06-29,4478,2022,6,6,6
138,pollinators,2022-05-24,2534,2022,5,2,2
138,pollinators,2022-05-26,2665,2022,5,2,2
139,ground_dwellers,2022-05-23,3174,2022,5,6,6
139,ground_dwellers,2022-05-23,3177,2022,5,6,6
139,ground_dwellers,2022-05-23,3184,2022,5,6,6
139,ground_dwellers,2022-05-23,3186,2022,5,6,6
139,ground_dwellers,2022-05-23,3187,2022,5,6,6
139,ground_dwellers,2022-05-23,3399,2022,5,6,6
140,ground_dwellers,2022-06-08,3623,2022,6,8,8
140,ground_dwellers,2022-06-09,3209,2022,6,8,8
140,ground_dwellers,2022-06-09,3213,2022,6,8,8
140,ground_dwellers,2022-06-09,3223,2022,6,8,8
140,ground_dwellers,2022-06-09,3224,2022,6,8,8
140,ground_dwellers,2022-06-09,3234,2022,6,8,8
140,ground_dwellers,2022-06-09,3235,2022,6,8,8
140,ground_dwellers,2022-06-09,3605,2022,6,8,8
140,ground_dwellers,2022-09-13,6418,2022,9,2,2
140,ground_dwellers,2022-09-13,6419,2022,9,2,2
140,ground_dwellers,2023-06-12,12780,2023,6,6,6
140,ground_dwellers,2023-06-12,12781,2023,6,6,6
140,ground_dwellers,2023-06-12,12782,2023,6,6,6
140,ground_dwellers,2023-06-12,12783,2023,6,6,6
140,ground_dwellers,2023-06-12,12784,2023,6,6,6
140,ground_dwellers,2023-06-12,12785,2023,6,6,6
140,pollinators,2022-06-09,3424,2022,6,1,1
141,ground_dwellers,2023-05-19,12296,2023,5,3,3
141,ground_dwellers,2023-05-19,12297,2023,5,3,3
141,ground_dwellers,2023-05-19,12298,2023,5,3,3
142,ground_dwellers,2022-09-14,6656,2022,9,6,6
142,ground_dwellers,2022-09-14,6657,2022,9,6,6
142,ground_dwellers,2022-09-14,6732,2022,9,6,6
142,ground_dwellers,2022-09-14,6733,2022,9,6,6
142,ground_dwellers,2022-09-14,6735,2022,9,6,6
142,ground_dwellers,2022-09-14,6736,2022,9,6,6
142,ground_dwellers,2023-07-24,12922,2023,7,1,1
142,ground_dwellers,2023-08-17,13309,2023,8,12,12
142,ground_dwellers,2023-08-17,13310,2023,8,12,12
142,ground_dwellers,2023-08-17,13311,2023,8,12,12
142,ground_dwellers,2023-08-17,13312,2023,8,12,12
142,ground_dwellers,2023-08-17,13313,2023,8,12,12
142,ground_dwellers,2023-08-23,13425,2023,8,12,12
142,ground_dwellers,2023-08-23,13427,2023,8,12,12
142,ground_dwellers,2023-08-23,13428,2023,8,12,12
142,ground_dwellers,2023-08-23,13429,2023,8,12,12
142,ground_dwellers,2023-08-23,13430,2023,8,12,12
142,ground_dwellers,2023-08-23,13431,2023,8,12,12
142,ground_dwellers,2023-08-23,13432,2023,8,12,12
144,butterfly,2023-05-20,10178,2023,5,4,4
144,butterfly,2023-05-20,10182,2023,5,4,4
144,butterfly,2023-05-20,10196,2023,5,4,4
144,butterfly,2023-05-20,10197,2023,5,4,4
144,ground_dwellers,2023-05-20,10185,2023,5,4,4
144,ground_dwellers,2023-05-20,10186,2023,5,4,4
144,ground_dwellers,2023-05-20,10187,2023,5,4,4
144,ground_dwellers,2023-05-20,10188,2023,5,4,4
144,pollinators,2023-05-20,10177,2023,5,5,5
144,pollinators,2023-05-20,10179,2023,5,5,5
144,pollinators,2023-05-20,10180,2023,5,5,5
144,pollinators,2023-05-20,10184,2023,5,5,5
144,pollinators,2023-05-20,10195,2023,5,5,5
145,ground_dwellers,2022-07-06,4673,2022,7,5,5
145,ground_dwellers,2022-07-06,4674,2022,7,5,5
145,ground_dwellers,2022-07-06,4675,2022,7,5,5
145,ground_dwellers,2022-07-06,4685,2022,7,5,5
145,ground_dwellers,2022-07-06,4686,2022,7,5,5
145,ground_dwellers,2023-02-08,8768,2023,2,4,4
145,ground_dwellers,2023-02-08,8769,2023,2,4,4
145,ground_dwellers,2023-02-08,8770,2023,2,4,4
145,ground_dwellers,2023-02-08,8771,2023,2,4,4
146,butterfly,2022-07-05,4625,2022,7,2,2
146,butterfly,2022-07-05,4640,2022,7,2,2
146,ground_dwellers,2022-07-05,4620,2022,7,2,2
146,ground_dwellers,2022-07-05,4637,2022,7,2,2
146,pollinators,2022-07-05,4626,2022,7,2,2
146,pollinators,2022-07-05,4635,2022,7,2,2
146,pollinators,2023-08-24,13444,2023,8,1,1
147,ground_dwellers,2022-06-14,3718,2022,6,5,5
147,ground_dwellers,2022-06-14,3719,2022,6,5,5
147,ground_dwellers,2022-06-14,3720,2022,6,5,5
147,ground_dwellers,2022-06-14,3721,2022,6,5,5
147,ground_dwellers,2022-06-14,3724,2022,6,5,5
147,ground_dwellers,2023-08-29,13466,2023,8,3,3
147,ground_dwellers,2023-08-29,13498,2023,8,3,3
147,ground_dwellers,2023-08-29,13499,2023,8,3,3
147,pollinators,2022-06-13,3674,2022,6,2,2
147,pollinators,2022-06-14,3729,2022,6,2,2
148,butterfly,2023-05-25,10482,2023,5,1,1
148,ground_dwellers,2022-05-24,3369,2022,5,8,8
148,ground_dwellers,2022-05-25,2590,2022,5,8,8
148,ground_dwellers,2022-05-25,2591,2022,5,8,8
148,ground_dwellers,2022-05-25,3364,2022,5,8,8
148,ground_dwellers,2022-05-25,3403,2022,5,8,8
148,ground_dwellers,2022-05-25,3404,2022,5,8,8
148,ground_dwellers,2022-05-25,3405,2022,5,8,8
148,ground_dwellers,2022-05-25,3514,2022,5,8,8
148,pollinators,2022-05-25,2603,2022,5,2,2
148,pollinators,2022-05-25,2604,2022,5,2,2
149,butterfly,2022-05-27,2666,2022,5,1,1
149,butterfly,2022-07-18,5091,2022,7,1,1
149,ground_dwellers,2022-07-18,5012,2022,7,12,12
149,ground_dwellers,2022-07-18,5013,2022,7,12,12
149,ground_dwellers,2022-07-18,5014,2022,7,12,12
149,ground_dwellers,2022-07-18,5015,2022,7,12,12
149,ground_dwellers,2022-07-18,5016,2022,7,12,12
149,ground_dwellers,2022-07-18,5017,2022,7,12,12
149,ground_dwellers,2022-07-18,5075,2022,7,12,12
149,ground_dwellers,2022-07-18,5078,2022,7,12,12
149,ground_dwellers,2022-07-18,5082,2022,7,12,12
149,ground_dwellers,2022-07-18,5087,2022,7,12,12
149,ground_dwellers,2022-07-18,5089,2022,7,12,12
149,ground_dwellers,2022-07-18,5090,2022,7,12,12
149,ground_dwellers,2023-07-12,12618,2023,7,6,6
149,ground_dwellers,2023-07-12,12621,2023,7,6,6
149,ground_dwellers,2023-07-12,12624,2023,7,6,6
149,ground_dwellers,2023-07-12,12661,2023,7,6,6
149,ground_dwellers,2023-07-20,12919,2023,7,6,6
149,ground_dwellers,2023-07-20,12920,2023,7,6,6
149,pollinators,2022-05-27,2668,2022,5,1,1
149,pollinators,2022-07-18,5055,2022,7,1,1
149,pollinators,2023-07-12,12672,2023,7,1,1
150,butterfly,2023-05-24,10454,2023,5,2,2
150,butterfly,2023-05-26,10547,2023,5,2,2
150,ground_dwellers,2022-05-24,2767,2022,5,5,5
150,ground_dwellers,2022-05-24,2768,2022,5,5,5
150,ground_dwellers,2022-05-24,2769,2022,5,5,5
150,ground_dwellers,2022-05-24,2770,2022,5,5,5
150,ground_dwellers,2022-05-24,2771,2022,5,5,5
150,ground_dwellers,2023-05-26,10549,2023,5,3,3
150,ground_dwellers,2023-05-26,10550,2023,5,3,3
150,ground_dwellers,2023-05-26,10551,2023,5,3,3
150,ground_dwellers,2023-07-05,12384,2023,7,7,7
150,ground_dwellers,2023-07-10,12521,2023,7,7,7
150,ground_dwellers,2023-07-10,12537,2023,7,7,7
150,ground_dwellers,2023-07-10,12538,2023,7,7,7
150,ground_dwellers,2023-07-10,12539,2023,7,7,7
150,ground_dwellers,2023-07-10,12540,2023,7,7,7
150,ground_dwellers,2023-07-10,12553,2023,7,7,7
150,pollinators,2023-05-26,10546,2023,5,1,1
150,pollinators,2023-07-05,12402,2023,7,4,4
150,pollinators,2023-07-10,12520,2023,7,4,4
150,pollinators,2023-07-10,12522,2023,7,4,4
150,pollinators,2023-07-10,12542,2023,7,4,4
151,ground_dwellers,2022-06-28,4167,2022,6,5,5
151,ground_dwellers,2022-06-28,4168,2022,6,5,5
151,ground_dwellers,2022-06-28,4169,2022,6,5,5
151,ground_dwellers,2022-06-28,4170,2022,6,5,5
151,ground_dwellers,2022-06-28,4171,2022,6,5,5
153,butterfly,2022-07-21,5378,2022,7,4,4
153,butterfly,2022-07-21,5379,2022,7,4,4
153,butterfly,2022-07-21,5380,2022,7,4,4
153,butterfly,2022-07-21,5381,2022,7,4,4
153,butterfly,2023-06-07,11087,2023,6,4,4
153,butterfly,2023-06-07,11088,2023,6,4,4
153,butterfly,2023-06-07,11089,2023,6,4,4
153,butterfly,2023-06-07,11090,2023,6,4,4
153,ground_dwellers,2022-07-21,5372,2022,7,3,3
153,ground_dwellers,2022-07-21,5373,2022,7,3,3
153,ground_dwellers,2022-07-21,5374,2022,7,3,3
153,pollinators,2022-07-21,5382,2022,7,2,2
153,pollinators,2022-07-21,5383,2022,7,2,2
153,pollinators,2023-06-07,11091,2023,6,2,2
153,pollinators,2023-06-07,11092,2023,6,2,2
154,butterfly,2023-09-26,15946,2023,9,6,6
154,butterfly,2023-09-26,15948,2023,9,6,6
154,butterfly,2023-09-26,15949,2023,9,6,6
154,butterfly,2023-09-26,15950,2023,9,6,6
154,butterfly,2023-09-26,15951,2023,9,6,6
154,butterfly,2023-09-26,15952,2023,9,6,6
154,ground_dwellers,2023-09-22,15374,2023,9,1,1
154,pollinators,2023-09-26,15945,2023,9,2,2
154,pollinators,2023-09-26,15947,2023,9,2,2
155,butterfly,2022-07-12,4827,2022,7,5,5
155,butterfly,2022-07-12,4828,2022,7,5,5
155,butterfly,2022-07-12,4829,2022,7,5,5
155,butterfly,2022-07-12,4830,2022,7,5,5
155,butterfly,2022-07-12,4843,2022,7,5,5
155,butterfly,2023-06-14,11355,2023,6,4,4
155,butterfly,2023-06-14,11356,2023,6,4,4
155,butterfly,2023-06-14,11357,2023,6,4,4
155,butterfly,2023-06-14,11358,2023,6,4,4
155,ground_dwellers,2022-07-12,4833,2022,7,5,5
155,ground_dwellers,2022-07-12,4835,2022,7,5,5
155,ground_dwellers,2022-07-12,4836,2022,7,5,5
155,ground_dwellers,2022-07-12,4837,2022,7,5,5
155,ground_dwellers,2022-07-12,4838,2022,7,5,5
155,ground_dwellers,2023-06-14,11311,2023,6,1,1
155,ground_dwellers,2023-07-31,12970,2023,7,1,1
155,pollinators,2022-07-12,4832,2022,7,3,3
155,pollinators,2022-07-12,4839,2022,7,3,3
155,pollinators,2022-07-12,4845,2022,7,3,3
155,pollinators,2023-06-14,11359,2023,6,2,2
155,pollinators,2023-06-14,11360,2023,6,2,2
156,butterfly,2022-08-09,6262,2022,8,1,1
156,butterfly,2023-06-06,11063,2023,6,2,2
156,butterfly,2023-06-12,11271,2023,6,2,2
156,butterfly,2023-07-03,12299,2023,7,1,1
156,ground_dwellers,2022-09-15,6802,2022,9,6,6
156,ground_dwellers,2022-09-15,6804,2022,9,6,6
156,ground_dwellers,2022-09-15,6805,2022,9,6,6
156,ground_dwellers,2022-09-15,6808,2022,9,6,6
156,ground_dwellers,2022-09-15,6809,2022,9,6,6
156,ground_dwellers,2022-09-15,6811,2022,9,6,6
156,ground_dwellers,2023-06-06,11057,2023,6,5,5
156,ground_dwellers,2023-06-06,11058,2023,6,5,5
156,ground_dwellers,2023-06-06,11059,2023,6,5,5
156,ground_dwellers,2023-06-06,11060,2023,6,5,5
156,ground_dwellers,2023-06-06,11061,2023,6,5,5
156,pollinators,2022-08-27,6133,2022,8,1,1
156,pollinators,2023-06-06,11064,2023,6,2,2
156,pollinators,2023-06-12,11272,2023,6,2,2
161,ground_dwellers,2022-05-23,4863,2022,5,3,3
161,ground_dwellers,2022-05-23,4864,2022,5,3,3
161,ground_dwellers,2022-05-23,4865,2022,5,3,3
164,butterfly,2022-06-22,3978,2022,6,1,1
164,butterfly,2023-08-15,13258,2023,8,1,1
164,butterfly,2023-09-07,14029,2023,9,4,4
164,butterfly,2023-09-07,14031,2023,9,4,4
164,butterfly,2023-09-07,14033,2023,9,4,4
164,butterfly,2023-09-07,14040,2023,9,4,4
164,ground_dwellers,2022-06-22,4063,2022,6,3,3
164,ground_dwellers,2022-06-22,4064,2022,6,3,3
164,ground_dwellers,2022-06-22,4067,2022,6,3,3
164,ground_dwellers,2023-09-07,14087,2023,9,2,2
164,ground_dwellers,2023-09-07,14088,2023,9,2,2
164,pollinators,2023-08-15,13260,2023,8,1,1
164,pollinators,2023-09-07,14019,2023,9,5,5
164,pollinators,2023-09-07,14022,2023,9,5,5
164,pollinators,2023-09-07,14023,2023,9,5,5
164,pollinators,2023-09-07,14025,2023,9,5,5
164,pollinators,2023-09-07,14030,2023,9,5,5
165,butterfly,2022-07-13,4886,2022,7,2,2
165,butterfly,2022-07-13,4887,2022,7,2,2
165,ground_dwellers,2022-07-13,4950,2022,7,6,6
165,ground_dwellers,2022-07-13,4951,2022,7,6,6
165,ground_dwellers,2022-07-13,4952,2022,7,6,6
165,ground_dwellers,2022-07-13,4953,2022,7,6,6
165,ground_dwellers,2022-07-13,4954,2022,7,6,6
165,ground_dwellers,2022-07-13,4955,2022,7,6,6
165,ground_dwellers,2023-05-16,9846,2023,5,6,6
165,ground_dwellers,2023-05-16,9847,2023,5,6,6
165,ground_dwellers,2023-05-16,9848,2023,5,6,6
165,ground_dwellers,2023-05-16,9849,2023,5,6,6
165,ground_dwellers,2023-05-16,9850,2023,5,6,6
165,ground_dwellers,2023-05-16,9879,2023,5,6,6
165,pollinators,2022-07-13,4969,2022,7,1,1
167,butterfly,2022-05-22,2445,2022,5,1,1
167,ground_dwellers,2022-05-22,2447,2022,5,6,6
167,ground_dwellers,2022-05-27,2772,2022,5,6,6
167,ground_dwellers,2022-05-27,2773,2022,5,6,6
167,ground_dwellers,2022-05-27,2774,2022,5,6,6
167,ground_dwellers,2022-05-27,2775,2022,5,6,6
167,ground_dwellers,2022-05-29,2816,2022,5,6,6
167,ground_dwellers,2022-06-26,4136,2022,6,6,6
167,ground_dwellers,2022-06-26,4137,2022,6,6,6
167,ground_dwellers,2022-06-26,4138,2022,6,6,6
167,ground_dwellers,2022-06-26,4139,2022,6,6,6
167,ground_dwellers,2022-06-26,4140,2022,6,6,6
167,ground_dwellers,2022-06-26,4141,2022,6,6,6
167,ground_dwellers,2022-08-02,5544,2022,8,11,11
167,ground_dwellers,2022-08-02,5545,2022,8,11,11
167,ground_dwellers,2022-08-02,5546,2022,8,11,11
167,ground_dwellers,2022-08-02,5547,2022,8,11,11
167,ground_dwellers,2022-08-02,5548,2022,8,11,11
167,ground_dwellers,2022-08-02,5549,2022,8,11,11
167,ground_dwellers,2022-08-02,5550,2022,8,11,11
167,ground_dwellers,2022-08-02,5551,2022,8,11,11
167,ground_dwellers,2022-08-02,5552,2022,8,11,11
167,ground_dwellers,2022-08-02,5553,2022,8,11,11
167,ground_dwellers,2022-08-02,5554,2022,8,11,11
167,ground_dwellers,2023-08-21,13384,2023,8,4,4
167,ground_dwellers,2023-08-21,13399,2023,8,4,4
167,ground_dwellers,2023-08-21,13401,2023,8,4,4
167,ground_dwellers,2023-08-21,13415,2023,8,4,4
167,ground_dwellers,2023-10-03,16215,2023,10,1,1
167,pollinators,2022-05-22,2446,2022,5,3,3
167,pollinators,2022-05-23,2526,2022,5,3,3
167,pollinators,2022-05-29,2817,2022,5,3,3
167,pollinators,2023-08-21,13400,2023,8,1,1
168,butterfly,2022-05-27,2699,2022,5,1,1
168,butterfly,2022-06-09,3443,2022,6,3,3
168,butterfly,2022-06-09,3445,2022,6,3,3
168,butterfly,2022-06-09,3446,2022,6,3,3
168,butterfly,2023-08-13,13203,2023,8,1,1
168,ground_dwellers,2022-05-28,2810,2022,5,1,1
168,ground_dwellers,2022-06-09,3456,2022,6,4,4
168,ground_dwellers,2022-06-09,3457,2022,6,4,4
168,ground_dwellers,2022-06-09,3459,2022,6,4,4
168,ground_dwellers,2022-06-09,3460,2022,6,4,4
168,ground_dwellers,2023-08-13,13184,2023,8,2,2
168,ground_dwellers,2023-08-13,13209,2023,8,2,2
168,pollinators,2022-06-09,3448,2022,6,4,4
168,pollinators,2022-06-09,3603,2022,6,4,4
168,pollinators,2022-06-09,3604,2022,6,4,4
168,pollinators,2022-06-09,13000,2022,6,4,4
168,pollinators,2023-08-13,13202,2023,8,1,1
171,butterfly,2022-05-26,2656,2022,5,1,1
171,ground_dwellers,2022-05-13,2273,2022,5,4,4
171,ground_dwellers,2022-05-13,2274,2022,5,4,4
171,ground_dwellers,2022-05-13,2275,2022,5,4,4
171,ground_dwellers,2022-05-26,2657,2022,5,4,4
171,pollinators,2022-05-26,2658,2022,5,1,1
172,butterfly,2022-05-19,2432,2022,5,1,1
172,ground_dwellers,2022-09-22,7299,2022,9,1,1
172,ground_dwellers,2023-05-02,9414,2023,5,7,7
172,ground_dwellers,2023-05-02,9415,2023,5,7,7
172,ground_dwellers,2023-05-02,9417,2023,5,7,7
172,ground_dwellers,2023-05-02,9420,2023,5,7,7
172,ground_dwellers,2023-05-02,9422,2023,5,7,7
172,ground_dwellers,2023-05-02,9423,2023,5,7,7
172,ground_dwellers,2023-05-02,9424,2023,5,7,7
172,pollinators,2023-05-02,9412,2023,5,1,1
176,butterfly,2023-08-24,13453,2023,8,1,1
176,pollinators,2023-08-24,13454,2023,8,1,1
179,ground_dwellers,2023-04-18,9363,2023,4,1,1
180,butterfly,2022-05-27,2798,2022,5,1,1
180,ground_dwellers,2022-05-27,2799,2022,5,1,1
180,pollinators,2022-05-27,2800,2022,5,1,1
181,ground_dwellers,2022-08-25,5984,2022,8,7,7
181,ground_dwellers,2022-08-25,5985,2022,8,7,7
181,ground_dwellers,2022-08-25,5991,2022,8,7,7
181,ground_dwellers,2022-08-25,5992,2022,8,7,7
181,ground_dwellers,2022-08-25,5993,2022,8,7,7
181,ground_dwellers,2022-08-25,6022,2022,8,7,7
181,ground_dwellers,2022-08-25,6029,2022,8,7,7
181,ground_dwellers,2023-09-14,14318,2023,9,2,2
181,ground_dwellers,2023-09-14,14319,2023,9,2,2
181,pollinators,2022-08-25,6185,2022,8,1,1
190,ground_dwellers,2023-02-04,8716,2023,2,5,5
190,ground_dwellers,2023-02-04,8717,2023,2,5,5
190,ground_dwellers,2023-02-04,8718,2023,2,5,5
190,ground_dwellers,2023-02-04,8719,2023,2,5,5
190,ground_dwellers,2023-02-04,8720,2023,2,5,5
191,ground_dwellers,2022-07-20,5311,2022,7,6,6
191,ground_dwellers,2022-07-20,5312,2022,7,6,6
191,ground_dwellers,2022-07-20,5313,2022,7,6,6
191,ground_dwellers,2022-07-20,5314,2022,7,6,6
191,ground_dwellers,2022-07-20,5315,2022,7,6,6
191,ground_dwellers,2022-07-20,5316,2022,7,6,6
191,ground_dwellers,2023-09-19,14598,2023,9,2,2
191,ground_dwellers,2023-09-19,14599,2023,9,2,2
192,ground_dwellers,2022-06-29,4390,2022,6,5,5
192,ground_dwellers,2022-06-29,4391,2022,6,5,5
192,ground_dwellers,2022-06-29,4392,2022,6,5,5
192,ground_dwellers,2022-06-29,4394,2022,6,5,5
192,ground_dwellers,2022-06-29,4395,2022,6,5,5
192,pollinators,2022-06-29,4367,2022,6,1,1
195,butterfly,2022-08-20,5755,2022,8,1,1
195,ground_dwellers,2022-08-20,6014,2022,8,5,5
195,ground_dwellers,2022-08-20,6019,2022,8,5,5
195,ground_dwellers,2022-08-20,6021,2022,8,5,5
195,ground_dwellers,2022-08-25,6016,2022,8,5,5
195,ground_dwellers,2022-08-25,6018,2022,8,5,5
195,ground_dwellers,2023-05-23,10238,2023,5,1,1
200,butterfly,2022-08-16,5625,2022,8,1,1
202,butterfly,2023-06-14,11364,2023,6,2,2
202,butterfly,2023-06-14,11366,2023,6,2,2
202,ground_dwellers,2023-08-12,13166,2023,8,5,5
202,ground_dwellers,2023-08-12,13167,2023,8,5,5
202,ground_dwellers,2023-08-12,13169,2023,8,5,5
202,ground_dwellers,2023-08-12,13171,2023,8,5,5
202,ground_dwellers,2023-08-12,13338,2023,8,5,5
202,pollinators,2022-09-21,7222,2022,9,4,4
202,pollinators,2022-09-21,7225,2022,9,4,4
202,pollinators,2022-09-21,7238,2022,9,4,4
202,pollinators,2022-09-21,7240,2022,9,4,4
202,pollinators,2023-05-24,10423,2023,5,9,9
202,pollinators,2023-05-24,10426,2023,5,9,9
202,pollinators,2023-05-24,10438,2023,5,9,9
202,pollinators,2023-05-24,10439,2023,5,9,9
202,pollinators,2023-05-24,10440,2023,5,9,9
202,pollinators,2023-05-24,10441,2023,5,9,9
202,pollinators,2023-05-24,10443,2023,5,9,9
202,pollinators,2023-05-24,10445,2023,5,9,9
202,pollinators,2023-05-24,10451,2023,5,9,9
202,pollinators,2023-06-14,11362,2023,6,3,3
202,pollinators,2023-06-14,11363,2023,6,3,3
202,pollinators,2023-06-14,11365,2023,6,3,3
202,pollinators,2023-08-12,13339,2023,8,1,1
203,butterfly,2022-05-25,2593,2022,5,2,2
203,butterfly,2022-05-28,2802,2022,5,2,2
203,butterfly,2023-05-17,9713,2023,5,2,2
203,butterfly,2023-05-21,10206,2023,5,2,2
203,butterfly,2023-08-06,13053,2023,8,2,2
203,butterfly,2023-08-06,13083,2023,8,2,2
203,ground_dwellers,2022-05-03,2143,2022,5,12,12
203,ground_dwellers,2022-05-03,2144,2022,5,12,12
203,ground_dwellers,2022-05-03,2145,2022,5,12,12
203,ground_dwellers,2022-05-03,2146,2022,5,12,12
203,ground_dwellers,2022-05-03,2147,2022,5,12,12
203,ground_dwellers,2022-05-03,2149,2022,5,12,12
203,ground_dwellers,2022-05-25,2592,2022,5,12,12
203,ground_dwellers,2022-05-28,2803,2022,5,12,12
203,ground_dwellers,2022-05-28,2804,2022,5,12,12
203,ground_dwellers,2022-05-28,2805,2022,5,12,12
203,ground_dwellers,2022-05-28,2806,2022,5,12,12
203,ground_dwellers,2022-05-28,2807,2022,5,12,12
203,ground_dwellers,2022-06-29,4284,2022,6,6,6
203,ground_dwellers,2022-06-29,4306,2022,6,6,6
203,ground_dwellers,2022-06-29,4307,2022,6,6,6
203,ground_dwellers,2022-06-29,4310,2022,6,6,6
203,ground_dwellers,2022-06-29,4311,2022,6,6,6
203,ground_dwellers,2022-06-29,4314,2022,6,6,6
203,ground_dwellers,2022-10-27,8289,2022,10,5,5
203,ground_dwellers,2022-10-27,8290,2022,10,5,5
203,ground_dwellers,2022-10-27,8291,2022,10,5,5
203,ground_dwellers,2022-10-27,8292,2022,10,5,5
203,ground_dwellers,2022-10-27,8293,2022,10,5,5
203,ground_dwellers,2022-11-20,8546,2022,11,10,10
203,ground_dwellers,2022-11-20,8548,2022,11,10,10
203,ground_dwellers,2022-11-20,8550,2022,11,10,10
203,ground_dwellers,2022-11-20,8554,2022,11,10,10
203,ground_dwellers,2022-11-20,8557,2022,11,10,10
203,ground_dwellers,2022-11-20,8564,2022,11,10,10
203,ground_dwellers,2022-11-20,8566,2022,11,10,10
203,ground_dwellers,2022-11-20,8567,2022,11,10,10
203,ground_dwellers,2022-11-20,8569,2022,11,10,10
203,ground_dwellers,2022-11-20,8570,2022,11,10,10
203,ground_dwellers,2023-02-02,8711,2023,2,8,8
203,ground_dwellers,2023-02-02,8712,2023,2,8,8
203,ground_dwellers,2023-02-26,9172,2023,2,8,8
203,ground_dwellers,2023-02-26,9176,2023,2,8,8
203,ground_dwellers,2023-02-26,9181,2023,2,8,8
203,ground_dwellers,2023-02-26,9185,2023,2,8,8
203,ground_dwellers,2023-02-26,9190,2023,2,8,8
203,ground_dwellers,2023-02-26,9195,2023,2,8,8
203,ground_dwellers,2023-05-17,9747,2023,5,8,8
203,ground_dwellers,2023-05-17,9748,2023,5,8,8
203,ground_dwellers,2023-05-17,9749,2023,5,8,8
203,ground_dwellers,2023-05-17,9750,2023,5,8,8
203,ground_dwellers,2023-05-17,9751,2023,5,8,8
203,ground_dwellers,2023-05-17,9752,2023,5,8,8
203,ground_dwellers,2023-05-17,9830,2023,5,8,8
203,ground_dwellers,2023-05-17,9831,2023,5,8,8
203,ground_dwellers,2023-06-20,11620,2023,6,1,1
203,ground_dwellers,2023-08-06,13041,2023,8,9,9
203,ground_dwellers,2023-08-06,13043,2023,8,9,9
203,ground_dwellers,2023-08-06,13045,2023,8,9,9
203,ground_dwellers,2023-08-06,13046,2023,8,9,9
203,ground_dwellers,2023-08-06,13049,2023,8,9,9
203,ground_dwellers,2023-08-06,13051,2023,8,9,9
203,ground_dwellers,2023-08-06,13058,2023,8,9,9
203,ground_dwellers,2023-08-06,13070,2023,8,9,9
203,ground_dwellers,2023-08-06,13073,2023,8,9,9
203,pollinators,2022-05-25,2594,2022,5,1,1
203,pollinators,2023-05-17,9740,2023,5,4,4
203,pollinators,2023-05-17,9746,2023,5,4,4
203,pollinators,2023-05-17,9829,2023,5,4,4
203,pollinators,2023-05-17,9833,2023,5,4,4
203,pollinators,2023-08-06,13087,2023,8,1,1
204,butterfly,2022-05-27,2719,2022,5,2,2
204,butterfly,2022-05-27,2722,2022,5,2,2
204,butterfly,2022-07-02,4549,2022,7,1,1
204,butterfly,2023-05-21,10228,2023,5,1,1
204,butterfly,2023-06-25,11768,2023,6,2,2
204,butterfly,2023-06-25,11794,2023,6,2,2
204,ground_dwellers,2022-05-27,2731,2022,5,1,1
204,ground_dwellers,2022-07-02,4506,2022,7,6,6
204,ground_dwellers,2022-07-02,4507,2022,7,6,6
204,ground_dwellers,2022-07-02,4508,2022,7,6,6
204,ground_dwellers,2022-07-02,4510,2022,7,6,6
204,ground_dwellers,2022-07-02,4513,2022,7,6,6
204,ground_dwellers,2022-07-02,4518,2022,7,6,6
204,ground_dwellers,2023-05-21,10222,2023,5,6,6
204,ground_dwellers,2023-05-21,10223,2023,5,6,6
204,ground_dwellers,2023-05-21,10224,2023,5,6,6
204,ground_dwellers,2023-05-21,10225,2023,5,6,6
204,ground_dwellers,2023-05-21,10226,2023,5,6,6
204,ground_dwellers,2023-05-21,10227,2023,5,6,6
204,ground_dwellers,2023-06-25,11790,2023,6,4,4
204,ground_dwellers,2023-06-25,11791,2023,6,4,4
204,ground_dwellers,2023-06-25,11793,2023,6,4,4
204,ground_dwellers,2023-06-25,11795,2023,6,4,4
204,ground_dwellers,2023-09-19,14695,2023,9,4,4
204,ground_dwellers,2023-09-19,14715,2023,9,4,4
204,ground_dwellers,2023-09-19,14717,2023,9,4,4
204,ground_dwellers,2023-09-19,14720,2023,9,4,4
204,pollinators,2022-05-27,2704,2022,5,3,3
204,pollinators,2022-05-27,2710,2022,5,3,3
204,pollinators,2022-05-27,2730,2022,5,3,3
204,pollinators,2022-07-02,4550,2022,7,5,5
204,pollinators,2022-07-02,4559,2022,7,5,5
204,pollinators,2022-07-02,4631,2022,7,5,5
204,pollinators,2022-07-02,5301,2022,7,5,5
204,pollinators,2022-07-02,5440,2022,7,5,5
206,butterfly,2022-06-30,5158,2022,6,1,1
206,pollinators,2022-06-30,5159,2022,6,1,1
207,pollinators,2022-06-16,13026,2022,6,1,1
207,pollinators,2023-08-03,13025,2023,8,1,1
212,butterfly,2023-07-05,12362,2023,7,2,2
212,butterfly,2023-07-05,12363,2023,7,2,2
212,ground_dwellers,2022-06-08,3811,2022,6,6,6
212,ground_dwellers,2022-06-08,3812,2022,6,6,6
212,ground_dwellers,2022-06-08,3813,2022,6,6,6
212,ground_dwellers,2022-06-08,3814,2022,6,6,6
212,ground_dwellers,2022-06-08,3815,2022,6,6,6
212,ground_dwellers,2022-06-08,3816,2022,6,6,6
212,ground_dwellers,2023-08-23,13433,2023,8,1,1
212,pollinators,2023-07-05,12361,2023,7,2,2
212,pollinators,2023-07-05,12364,2023,7,2,2
214,butterfly,2023-08-11,13136,2023,8,1,1
214,ground_dwellers,2023-08-11,13159,2023,8,6,6
214,ground_dwellers,2023-08-11,13325,2023,8,6,6
214,ground_dwellers,2023-08-11,13326,2023,8,6,6
214,ground_dwellers,2023-08-11,13329,2023,8,6,6
214,ground_dwellers,2023-08-11,13330,2023,8,6,6
214,ground_dwellers,2023-08-11,13332,2023,8,6,6
214,pollinators,2022-06-09,3363,2022,6,6,6
214,pollinators,2022-06-09,3365,2022,6,6,6
214,pollinators,2022-06-09,3382,2022,6,6,6
214,pollinators,2022-06-09,3400,2022,6,6,6
214,pollinators,2022-06-09,3499,2022,6,6,6
214,pollinators,2022-06-09,3535,2022,6,6,6
214,pollinators,2023-08-11,13134,2023,8,2,2
214,pollinators,2023-08-11,13135,2023,8,2,2
215,butterfly,2023-05-01,9399,2023,5,1,1
216,butterfly,2022-05-26,2681,2022,5,1,1
216,ground_dwellers,2022-05-26,2683,2022,5,6,6
216,ground_dwellers,2022-05-26,2684,2022,5,6,6
216,ground_dwellers,2022-05-26,2685,2022,5,6,6
216,ground_dwellers,2022-05-26,2686,2022,5,6,6
216,ground_dwellers,2022-05-26,2687,2022,5,6,6
216,ground_dwellers,2022-05-26,2696,2022,5,6,6
216,ground_dwellers,2022-06-10,3624,2022,6,6,6
216,ground_dwellers,2022-06-10,3625,2022,6,6,6
216,ground_dwellers,2022-06-10,3635,2022,6,6,6
216,ground_dwellers,2022-06-10,3637,2022,6,6,6
216,ground_dwellers,2022-06-10,3913,2022,6,6,6
216,ground_dwellers,2022-06-10,3914,2022,6,6,6
216,pollinators,2022-05-26,2698,2022,5,1,1
216,pollinators,2022-06-10,3665,2022,6,1,1
217,ground_dwellers,2023-05-24,11213,2023,5,4,4
217,ground_dwellers,2023-05-24,11214,2023,5,4,4
217,ground_dwellers,2023-05-24,11215,2023,5,4,4
217,ground_dwellers,2023-05-24,11251,2023,5,4,4
217,pollinators,2023-05-24,10385,2023,5,2,2
217,pollinators,2023-05-24,10387,2023,5,2,2
220,ground_dwellers,2023-09-07,14049,2023,9,5,5
220,ground_dwellers,2023-09-07,14051,2023,9,5,5
220,ground_dwellers,2023-09-07,14053,2023,9,5,5
220,ground_dwellers,2023-09-07,14056,2023,9,5,5
220,ground_dwellers,2023-09-07,14058,2023,9,5,5
222,butterfly,2022-05-19,2441,2022,5,1,1
222,pollinators,2022-07-06,5249,2022,7,1,1
225,butterfly,2023-05-24,10675,2023,5,1,1
225,ground_dwellers,2023-05-24,10678,2023,5,3,3
225,ground_dwellers,2023-05-24,10679,2023,5,3,3
225,ground_dwellers,2023-05-28,10677,2023,5,3,3
225,pollinators,2023-05-24,10680,2023,5,1,1
226,ground_dwellers,2023-09-08,14145,2023,9,5,5
226,ground_dwellers,2023-09-08,14146,2023,9,5,5
226,ground_dwellers,2023-09-08,14147,2023,9,5,5
226,ground_dwellers,2023-09-08,14148,2023,9,5,5
226,ground_dwellers,2023-09-08,14149,2023,9,5,5
227,butterfly,2022-08-23,5909,2022,8,3,3
227,butterfly,2022-08-23,5914,2022,8,3,3
227,butterfly,2022-08-23,5915,2022,8,3,3
227,ground_dwellers,2022-08-23,5802,2022,8,22,22
227,ground_dwellers,2022-08-23,5811,2022,8,22,22
227,ground_dwellers,2022-08-23,5813,2022,8,22,22
227,ground_dwellers,2022-08-23,5815,2022,8,22,22
227,ground_dwellers,2022-08-23,5816,2022,8,22,22
227,ground_dwellers,2022-08-23,5817,2022,8,22,22
227,ground_dwellers,2022-08-23,5818,2022,8,22,22
227,ground_dwellers,2022-08-23,5819,2022,8,22,22
227,ground_dwellers,2022-08-23,5822,2022,8,22,22
227,ground_dwellers,2022-08-23,5862,2022,8,22,22
227,ground_dwellers,2022-08-23,5863,2022,8,22,22
227,ground_dwellers,2022-08-23,5864,2022,8,22,22
227,ground_dwellers,2022-08-23,5865,2022,8,22,22
227,ground_dwellers,2022-08-23,5866,2022,8,22,22
227,ground_dwellers,2022-08-23,5867,2022,8,22,22
227,ground_dwellers,2022-08-23,5869,2022,8,22,22
227,ground_dwellers,2022-08-23,5870,2022,8,22,22
227,ground_dwellers,2022-08-23,5871,2022,8,22,22
227,ground_dwellers,2022-08-23,5872,2022,8,22,22
227,ground_dwellers,2022-08-23,5873,2022,8,22,22
227,ground_dwellers,2022-08-23,5874,2022,8,22,22
227,ground_dwellers,2022-08-23,5894,2022,8,22,22
227,pollinators,2022-08-23,5828,2022,8,3,3
227,pollinators,2022-08-23,5858,2022,8,3,3
227,pollinators,2022-08-23,5859,2022,8,3,3
228,ground_dwellers,2023-09-08,14099,2023,9,3,3
228,ground_dwellers,2023-09-08,14100,2023,9,3,3
228,ground_dwellers,2023-09-08,14101,2023,9,3,3
229,pollinators,2023-09-08,14135,2023,9,4,4
229,pollinators,2023-09-08,14136,2023,9,4,4
229,pollinators,2023-09-08,14137,2023,9,4,4
229,pollinators,2023-09-08,14142,2023,9,4,4
238,ground_dwellers,2022-06-14,3715,2022,6,5,5
238,ground_dwellers,2022-06-14,3716,2022,6,5,5
238,ground_dwellers,2022-06-14,3717,2022,6,5,5
238,ground_dwellers,2022-06-14,3722,2022,6,5,5
238,ground_dwellers,2022-06-14,3723,2022,6,5,5
243,ground_dwellers,2022-09-22,7273,2022,9,2,2
243,ground_dwellers,2022-09-22,7295,2022,9,2,2
243,ground_dwellers,2023-05-23,10797,2023,5,1,1
244,ground_dwellers,2023-02-17,9029,2023,2,6,6
244,ground_dwellers,2023-02-17,9030,2023,2,6,6
244,ground_dwellers,2023-02-17,9036,2023,2,6,6
244,ground_dwellers,2023-02-17,9037,2023,2,6,6
244,ground_dwellers,2023-02-17,9041,2023,2,6,6
244,ground_dwellers,2023-02-17,9049,2023,2,6,6
244,ground_dwellers,2023-05-19,10145,2023,5,6,6
244,ground_dwellers,2023-05-19,10146,2023,5,6,6
244,ground_dwellers,2023-05-19,10148,2023,5,6,6
244,ground_dwellers,2023-05-19,10151,2023,5,6,6
244,ground_dwellers,2023-05-19,10152,2023,5,6,6
244,ground_dwellers,2023-05-19,10153,2023,5,6,6
244,pollinators,2023-05-19,10155,2023,5,1,1
252,butterfly,2023-05-24,10391,2023,5,1,1
252,butterfly,2023-07-19,12913,2023,7,1,1
252,ground_dwellers,2022-10-01,7880,2022,10,6,6
252,ground_dwellers,2022-10-01,7883,2022,10,6,6
252,ground_dwellers,2022-10-01,7884,2022,10,6,6
252,ground_dwellers,2022-10-01,7885,2022,10,6,6
252,ground_dwellers,2022-10-01,7886,2022,10,6,6
252,ground_dwellers,2022-10-01,7887,2022,10,6,6
252,ground_dwellers,2022-12-21,8634,2022,12,6,6
252,ground_dwellers,2022-12-21,8635,2022,12,6,6
252,ground_dwellers,2022-12-21,8636,2022,12,6,6
252,ground_dwellers,2022-12-21,8637,2022,12,6,6
252,ground_dwellers,2022-12-21,8638,2022,12,6,6
252,ground_dwellers,2022-12-21,8639,2022,12,6,6
252,ground_dwellers,2023-01-02,8640,2023,1,7,7
252,ground_dwellers,2023-01-02,8643,2023,1,7,7
252,ground_dwellers,2023-01-02,8644,2023,1,7,7
252,ground_dwellers,2023-01-02,8645,2023,1,7,7
252,ground_dwellers,2023-01-23,8661,2023,1,7,7
252,ground_dwellers,2023-01-23,8662,2023,1,7,7
252,ground_dwellers,2023-01-23,8664,2023,1,7,7
252,ground_dwellers,2023-02-20,9143,2023,2,7,7
252,ground_dwellers,2023-02-20,9151,2023,2,7,7
252,ground_dwellers,2023-02-20,9156,2023,2,7,7
252,ground_dwellers,2023-02-20,9157,2023,2,7,7
252,ground_dwellers,2023-02-20,9158,2023,2,7,7
252,ground_dwellers,2023-02-20,9159,2023,2,7,7
252,ground_dwellers,2023-02-20,9160,2023,2,7,7
252,ground_dwellers,2023-05-17,9826,2023,5,3,3
252,ground_dwellers,2023-05-24,10323,2023,5,3,3
252,ground_dwellers,2023-05-24,10386,2023,5,3,3
252,ground_dwellers,2023-07-19,12916,2023,7,4,4
252,ground_dwellers,2023-07-19,12917,2023,7,4,4
252,ground_dwellers,2023-07-19,12918,2023,7,4,4
252,ground_dwellers,2023-07-26,12961,2023,7,4,4
252,ground_dwellers,2023-08-07,13096,2023,8,6,6
252,ground_dwellers,2023-08-07,13097,2023,8,6,6
252,ground_dwellers,2023-08-13,13186,2023,8,6,6
252,ground_dwellers,2023-08-13,13188,2023,8,6,6
252,ground_dwellers,2023-08-30,13559,2023,8,6,6
252,ground_dwellers,2023-08-30,13560,2023,8,6,6
252,pollinators,2023-05-24,10392,2023,5,1,1
252,pollinators,2023-07-19,12914,2023,7,1,1
260,ground_dwellers,2022-08-18,5699,2022,8,5,5
260,ground_dwellers,2022-08-18,5700,2022,8,5,5
260,ground_dwellers,2022-08-18,5701,2022,8,5,5
260,ground_dwellers,2022-08-18,5702,2022,8,5,5
260,ground_dwellers,2022-08-18,5703,2022,8,5,5
260,ground_dwellers,2023-04-22,9366,2023,4,5,5
260,ground_dwellers,2023-04-22,9367,2023,4,5,5
260,ground_dwellers,2023-04-22,9368,2023,4,5,5
260,ground_dwellers,2023-04-22,9369,2023,4,5,5
260,ground_dwellers,2023-04-22,9370,2023,4,5,5
260,ground_dwellers,2023-05-27,10599,2023,5,3,3
260,ground_dwellers,2023-05-27,10600,2023,5,3,3
260,ground_dwellers,2023-05-27,10601,2023,5,3,3
260,pollinators,2023-04-22,9365,2023,4,1,1
260,pollinators,2023-05-27,10598,2023,5,1,1
264,ground_dwellers,2022-09-28,7829,2022,9,3,3
264,ground_dwellers,2022-09-28,7830,2022,9,3,3
264,ground_dwellers,2022-09-28,7832,2022,9,3,3
265,butterfly,2022-08-24,6180,2022,8,1,1
265,ground_dwellers,2022-08-24,5940,2022,8,6,6
265,ground_dwellers,2022-08-24,5941,2022,8,6,6
265,ground_dwellers,2022-08-24,5942,2022,8,6,6
265,ground_dwellers,2022-08-24,5943,2022,8,6,6
265,ground_dwellers,2022-08-24,5944,2022,8,6,6
265,ground_dwellers,2022-08-24,5945,2022,8,6,6
265,ground_dwellers,2023-09-21,14943,2023,9,2,2
265,ground_dwellers,2023-09-21,14951,2023,9,2,2
265,pollinators,2022-08-24,6179,2022,8,1,1
266,ground_dwellers,2022-09-13,6625,2022,9,6,6
266,ground_dwellers,2022-09-13,6627,2022,9,6,6
266,ground_dwellers,2022-09-13,6628,2022,9,6,6
266,ground_dwellers,2022-09-13,6630,2022,9,6,6
266,ground_dwellers,2022-09-13,6633,2022,9,6,6
266,ground_dwellers,2022-09-13,6635,2022,9,6,6
266,ground_dwellers,2023-06-13,11278,2023,6,4,4
266,ground_dwellers,2023-06-13,11280,2023,6,4,4
266,ground_dwellers,2023-06-13,11281,2023,6,4,4
266,ground_dwellers,2023-06-13,11282,2023,6,4,4
266,pollinators,2023-06-13,11276,2023,6,1,1
268,ground_dwellers,2022-09-09,6822,2022,9,6,6
268,ground_dwellers,2022-09-09,6823,2022,9,6,6
268,ground_dwellers,2022-09-09,6824,2022,9,6,6
268,ground_dwellers,2022-09-09,6825,2022,9,6,6
268,ground_dwellers,2022-09-09,6826,2022,9,6,6
268,ground_dwellers,2022-09-09,6827,2022,9,6,6
268,ground_dwellers,2023-07-13,12793,2023,7,1,1
268,ground_dwellers,2023-09-14,14343,2023,9,1,1
268,pollinators,2022-08-24,6261,2022,8,1,1
268,pollinators,2023-07-19,12921,2023,7,1,1
269,butterfly,2022-05-27,4147,2022,5,1,1
269,butterfly,2022-07-17,5005,2022,7,1,1
269,ground_dwellers,2022-05-27,4142,2022,5,4,4
269,ground_dwellers,2022-05-27,4143,2022,5,4,4
269,ground_dwellers,2022-05-27,4144,2022,5,4,4
269,ground_dwellers,2022-05-27,4145,2022,5,4,4
269,ground_dwellers,2022-07-02,4543,2022,7,9,9
269,ground_dwellers,2022-07-02,4544,2022,7,9,9
269,ground_dwellers,2022-07-02,4545,2022,7,9,9
269,ground_dwellers,2022-07-02,4547,2022,7,9,9
269,ground_dwellers,2022-07-17,5000,2022,7,9,9
269,ground_dwellers,2022-07-17,5001,2022,7,9,9
269,ground_dwellers,2022-07-17,5002,2022,7,9,9
269,ground_dwellers,2022-07-17,5003,2022,7,9,9
269,ground_dwellers,2022-07-17,5004,2022,7,9,9
269,pollinators,2022-05-27,4146,2022,5,1,1
269,pollinators,2022-07-17,5006,2022,7,2,2
269,pollinators,2022-07-17,5007,2022,7,2,2
276,butterfly,2022-07-12,4840,2022,7,3,3
276,butterfly,2022-07-12,4841,2022,7,3,3
276,butterfly,2022-07-12,4842,2022,7,3,3
276,butterfly,2023-09-04,14009,2023,9,1,1
276,ground_dwellers,2022-07-12,4846,2022,7,6,6
276,ground_dwellers,2022-07-12,4847,2022,7,6,6
276,ground_dwellers,2022-07-12,4848,2022,7,6,6
276,ground_dwellers,2022-07-12,4849,2022,7,6,6
276,ground_dwellers,2022-07-12,4850,2022,7,6,6
276,ground_dwellers,2022-07-12,4851,2022,7,6,6
276,ground_dwellers,2023-09-04,13989,2023,9,2,2
276,ground_dwellers,2023-09-04,13998,2023,9,2,2
276,pollinators,2022-07-12,4844,2022,7,1,1
276,pollinators,2023-09-04,14054,2023,9,1,1
278,butterfly,2022-07-21,5399,2022,7,4,4
278,butterfly,2022-07-21,5400,2022,7,4,4
278,butterfly,2022-07-21,5401,2022,7,4,4
278,butterfly,2022-07-21,5403,2022,7,4,4
278,ground_dwellers,2022-07-21,5414,2022,7,5,5
278,ground_dwellers,2022-07-21,5415,2022,7,5,5
278,ground_dwellers,2022-07-21,5416,2022,7,5,5
278,ground_dwellers,2022-07-21,5417,2022,7,5,5
278,ground_dwellers,2022-07-21,5418,2022,7,5,5
278,pollinators,2022-07-21,5402,2022,7,2,2
278,pollinators,2022-07-21,5406,2022,7,2,2
279,ground_dwellers,2023-05-04,9449,2023,5,7,7
279,ground_dwellers,2023-05-04,9450,2023,5,7,7
279,ground_dwellers,2023-05-04,9459,2023,5,7,7
279,ground_dwellers,2023-05-04,9461,2023,5,7,7
279,ground_dwellers,2023-05-04,9471,2023,5,7,7
279,ground_dwellers,2023-05-04,9475,2023,5,7,7
279,ground_dwellers,2023-05-04,9476,2023,5,7,7
280,butterfly,2022-10-13,8215,2022,10,4,4
280,butterfly,2022-10-13,8218,2022,10,4,4
280,butterfly,2022-10-13,8219,2022,10,4,4
280,butterfly,2022-10-13,8220,2022,10,4,4
280,ground_dwellers,2022-10-13,8204,2022,10,5,5
280,ground_dwellers,2022-10-13,8206,2022,10,5,5
280,ground_dwellers,2022-10-13,8209,2022,10,5,5
280,ground_dwellers,2022-10-13,8210,2022,10,5,5
280,ground_dwellers,2022-10-13,8211,2022,10,5,5
280,ground_dwellers,2023-05-10,9484,2023,5,5,5
280,ground_dwellers,2023-05-10,9486,2023,5,5,5
280,ground_dwellers,2023-05-10,9488,2023,5,5,5
280,ground_dwellers,2023-05-10,9489,2023,5,5,5
280,ground_dwellers,2023-05-10,9490,2023,5,5,5
280,pollinators,2022-10-13,8216,2022,10,2,2
280,pollinators,2022-10-13,8217,2022,10,2,2
282,butterfly,2023-05-31,11256,2023,5,1,1
282,ground_dwellers,2022-07-02,4567,2022,7,1,1
282,ground_dwellers,2023-05-31,11253,2023,5,3,3
282,ground_dwellers,2023-05-31,11254,2023,5,3,3
282,ground_dwellers,2023-05-31,11255,2023,5,3,3
282,ground_dwellers,2023-06-11,11252,2023,6,1,1
282,ground_dwellers,2023-07-12,12866,2023,7,4,4
282,ground_dwellers,2023-07-12,12867,2023,7,4,4
282,ground_dwellers,2023-07-12,12868,2023,7,4,4
282,ground_dwellers,2023-07-12,12869,2023,7,4,4
282,pollinators,2023-06-01,11263,2023,6,2,2
282,pollinators,2023-06-01,11264,2023,6,2,2
282,pollinators,2023-07-12,12862,2023,7,2,2
282,pollinators,2023-07-12,12863,2023,7,2,2
283,butterfly,2023-09-26,15939,2023,9,4,4
283,butterfly,2023-09-26,15941,2023,9,4,4
283,butterfly,2023-09-26,15942,2023,9,4,4
283,butterfly,2023-09-26,15943,2023,9,4,4
283,ground_dwellers,2022-06-27,4151,2022,6,6,6
283,ground_dwellers,2022-06-27,4154,2022,6,6,6
283,ground_dwellers,2022-06-27,4156,2022,6,6,6
283,ground_dwellers,2022-06-27,4159,2022,6,6,6
283,ground_dwellers,2022-06-27,4160,2022,6,6,6
283,ground_dwellers,2022-06-27,4161,2022,6,6,6
283,pollinators,2023-09-26,15938,2023,9,2,2
283,pollinators,2023-09-26,15940,2023,9,2,2
290,ground_dwellers,2022-10-10,8142,2022,10,1,1
292,ground_dwellers,2022-06-28,4799,2022,6,2,2
292,ground_dwellers,2022-06-28,4800,2022,6,2,2
292,ground_dwellers,2023-08-30,13520,2023,8,6,6
292,ground_dwellers,2023-08-30,13521,2023,8,6,6
292,ground_dwellers,2023-08-30,13523,2023,8,6,6
292,ground_dwellers,2023-08-30,13524,2023,8,6,6
292,ground_dwellers,2023-08-30,13525,2023,8,6,6
292,ground_dwellers,2023-08-30,13526,2023,8,6,6
292,pollinators,2023-08-30,13557,2023,8,1,1
299,butterfly,2023-09-18,14550,2023,9,1,1
299,ground_dwellers,2023-09-18,14570,2023,9,7,7
299,ground_dwellers,2023-09-18,14573,2023,9,7,7
299,ground_dwellers,2023-09-18,14574,2023,9,7,7
299,ground_dwellers,2023-09-18,14576,2023,9,7,7
299,ground_dwellers,2023-09-18,14577,2023,9,7,7
299,ground_dwellers,2023-09-20,14932,2023,9,7,7
299,ground_dwellers,2023-09-20,14935,2023,9,7,7
299,pollinators,2023-09-18,14549,2023,9,1,1
300,butterfly,2022-09-23,7301,2022,9,3,3
300,butterfly,2022-09-23,7305,2022,9,3,3
300,butterfly,2022-09-23,7307,2022,9,3,3
300,ground_dwellers,2022-09-23,7475,2022,9,6,6
300,ground_dwellers,2022-09-23,7476,2022,9,6,6
300,ground_dwellers,2022-09-23,7477,2022,9,6,6
300,ground_dwellers,2022-09-23,7478,2022,9,6,6
300,ground_dwellers,2022-09-23,7479,2022,9,6,6
300,ground_dwellers,2022-09-23,7480,2022,9,6,6
300,ground_dwellers,2023-09-22,15354,2023,9,5,5
300,ground_dwellers,2023-09-22,15355,2023,9,5,5
300,ground_dwellers,2023-09-22,15356,2023,9,5,5
300,ground_dwellers,2023-09-22,15357,2023,9,5,5
300,ground_dwellers,2023-09-22,15361,2023,9,5,5
300,pollinators,2022-09-23,7300,2022,9,4,4
300,pollinators,2022-09-23,7302,2022,9,4,4
300,pollinators,2022-09-23,7303,2022,9,4,4
300,pollinators,2022-09-23,7304,2022,9,4,4
300,pollinators,2023-09-22,15411,2023,9,4,4
300,pollinators,2023-09-22,15413,2023,9,4,4
300,pollinators,2023-09-22,15414,2023,9,4,4
300,pollinators,2023-09-22,15416,2023,9,4,4
301,ground_dwellers,2022-09-21,7195,2022,9,6,6
301,ground_dwellers,2022-09-21,7199,2022,9,6,6
301,ground_dwellers,2022-09-21,7200,2022,9,6,6
301,ground_dwellers,2022-09-21,7205,2022,9,6,6
301,ground_dwellers,2022-09-21,7206,2022,9,6,6
301,ground_dwellers,2022-09-21,7207,2022,9,6,6
301,ground_dwellers,2023-09-20,14931,2023,9,3,3
301,ground_dwellers,2023-09-20,14933,2023,9,3,3
301,ground_dwellers,2023-09-20,14934,2023,9,3,3
301,pollinators,2023-09-20,14929,2023,9,1,1
313,butterfly,2023-09-21,14995,2023,9,1,1
313,ground_dwellers,2023-05-18,9930,2023,5,5,5
313,ground_dwellers,2023-05-18,9931,2023,5,5,5
313,ground_dwellers,2023-05-18,9932,2023,5,5,5
313,ground_dwellers,2023-05-18,9933,2023,5,5,5
313,ground_dwellers,2023-05-18,10121,2023,5,5,5
313,ground_dwellers,2023-08-08,13099,2023,8,6,6
313,ground_dwellers,2023-08-08,13100,2023,8,6,6
313,ground_dwellers,2023-08-08,13101,2023,8,6,6
313,ground_dwellers,2023-08-08,13103,2023,8,6,6
313,ground_dwellers,2023-08-08,13105,2023,8,6,6
313,ground_dwellers,2023-08-08,13107,2023,8,6,6
313,pollinators,2023-05-18,10117,2023,5,1,1
313,pollinators,2023-09-21,15005,2023,9,1,1
316,butterfly,2023-07-10,12549,2023,7,1,1
316,ground_dwellers,2023-07-10,12555,2023,7,10,10
316,ground_dwellers,2023-07-10,12556,2023,7,10,10
316,ground_dwellers,2023-07-10,12558,2023,7,10,10
316,ground_dwellers,2023-07-10,12560,2023,7,10,10
316,ground_dwellers,2023-07-10,12856,2023,7,10,10
316,ground_dwellers,2023-07-10,12857,2023,7,10,10
316,ground_dwellers,2023-07-10,12858,2023,7,10,10
316,ground_dwellers,2023-07-10,12859,2023,7,10,10
316,ground_dwellers,2023-07-10,12860,2023,7,10,10
316,ground_dwellers,2023-07-10,12861,2023,7,10,10
318,ground_dwellers,2023-06-06,10990,2023,6,3,3
318,ground_dwellers,2023-06-06,11045,2023,6,3,3
318,ground_dwellers,2023-06-06,11047,2023,6,3,3
320,butterfly,2023-05-28,10684,2023,5,2,2
320,butterfly,2023-05-28,10685,2023,5,2,2
320,ground_dwellers,2023-05-28,10686,2023,5,5,5
320,ground_dwellers,2023-05-28,10687,2023,5,5,5
320,ground_dwellers,2023-05-28,10688,2023,5,5,5
320,ground_dwellers,2023-05-28,10689,2023,5,5,5
320,ground_dwellers,2023-05-28,10690,2023,5,5,5
320,ground_dwellers,2023-09-13,14373,2023,9,5,5
320,ground_dwellers,2023-09-13,14374,2023,9,5,5
320,ground_dwellers,2023-09-13,14375,2023,9,5,5
320,ground_dwellers,2023-09-13,14377,2023,9,5,5
320,ground_dwellers,2023-09-14,14376,2023,9,5,5
320,pollinators,2023-05-28,10691,2023,5,1,1
320,pollinators,2023-09-13,14380,2023,9,1,1
322,ground_dwellers,2023-09-22,15475,2023,9,18,18
322,ground_dwellers,2023-09-22,15478,2023,9,18,18
322,ground_dwellers,2023-09-22,15485,2023,9,18,18
322,ground_dwellers,2023-09-22,15490,2023,9,18,18
322,ground_dwellers,2023-09-22,15494,2023,9,18,18
322,ground_dwellers,2023-09-22,15502,2023,9,18,18
322,ground_dwellers,2023-09-22,15505,2023,9,18,18
322,ground_dwellers,2023-09-22,15509,2023,9,18,18
322,ground_dwellers,2023-09-22,15513,2023,9,18,18
322,ground_dwellers,2023-09-22,15519,2023,9,18,18
322,ground_dwellers,2023-09-22,15523,2023,9,18,18
322,ground_dwellers,2023-09-22,15529,2023,9,18,18
322,ground_dwellers,2023-09-22,15533,2023,9,18,18
322,ground_dwellers,2023-09-22,15538,2023,9,18,18
322,ground_dwellers,2023-09-22,15542,2023,9,18,18
322,ground_dwellers,2023-09-22,15544,2023,9,18,18
322,ground_dwellers,2023-09-22,15546,2023,9,18,18
322,ground_dwellers,2023-09-22,15551,2023,9,18,18
323,ground_dwellers,2023-07-07,12489,2023,7,5,5
323,ground_dwellers,2023-07-07,12490,2023,7,5,5
323,ground_dwellers,2023-07-07,12501,2023,7,5,5
323,ground_dwellers,2023-07-07,12512,2023,7,5,5
323,ground_dwellers,2023-07-07,12518,2023,7,5,5
323,pollinators,2023-07-07,12451,2023,7,1,1
324,ground_dwellers,2023-06-29,12203,2023,6,1,1
326,butterfly,2023-05-28,10681,2023,5,1,1
326,ground_dwellers,2023-02-18,9050,2023,2,3,3
326,ground_dwellers,2023-02-18,9052,2023,2,3,3
326,ground_dwellers,2023-02-18,9055,2023,2,3,3
326,pollinators,2023-05-28,10682,2023,5,1,1
327,ground_dwellers,2023-05-24,10408,2023,5,6,6
327,ground_dwellers,2023-05-24,10409,2023,5,6,6
327,ground_dwellers,2023-05-24,10412,2023,5,6,6
327,ground_dwellers,2023-05-24,10415,2023,5,6,6
327,ground_dwellers,2023-05-24,10417,2023,5,6,6
327,ground_dwellers,2023-05-24,10420,2023,5,6,6
327,ground_dwellers,2023-06-02,10932,2023,6,1,1
327,pollinators,2023-05-24,10418,2023,5,1,1
327,pollinators,2023-06-29,12270,2023,6,1,1
331,ground_dwellers,2023-06-21,11621,2023,6,4,4
331,ground_dwellers,2023-06-21,11637,2023,6,4,4
331,ground_dwellers,2023-06-21,11641,2023,6,4,4
331,ground_dwellers,2023-06-21,11646,2023,6,4,4
331,pollinators,2023-06-21,11649,2023,6,1,1
341,ground_dwellers,2023-09-22,15467,2023,9,5,5
341,ground_dwellers,2023-09-22,15470,2023,9,5,5
341,ground_dwellers,2023-09-22,15471,2023,9,5,5
341,ground_dwellers,2023-09-22,15472,2023,9,5,5
341,ground_dwellers,2023-09-22,15474,2023,9,5,5
352,ground_dwellers,2023-06-23,11760,2023,6,7,7
352,ground_dwellers,2023-06-23,11761,2023,6,7,7
352,ground_dwellers,2023-06-23,11762,2023,6,7,7
352,ground_dwellers,2023-06-23,11763,2023,6,7,7
352,ground_dwellers,2023-06-23,11764,2023,6,7,7
352,ground_dwellers,2023-06-23,11765,2023,6,7,7
352,ground_dwellers,2023-06-23,11766,2023,6,7,7
352,ground_dwellers,2023-07-06,12993,2023,7,4,4
352,ground_dwellers,2023-07-06,12994,2023,7,4,4
352,ground_dwellers,2023-07-06,12995,2023,7,4,4
352,ground_dwellers,2023-07-06,12999,2023,7,4,4
352,pollinators,2023-06-23,11767,2023,6,1,1
352,pollinators,2023-07-06,12996,2023,7,2,2
352,pollinators,2023-07-06,12997,2023,7,2,2
353,ground_dwellers,2023-08-31,13570,2023,8,5,5
353,ground_dwellers,2023-08-31,13571,2023,8,5,5
353,ground_dwellers,2023-08-31,13572,2023,8,5,5
353,ground_dwellers,2023-08-31,13573,2023,8,5,5
353,ground_dwellers,2023-08-31,13574,2023,8,5,5
356,ground_dwellers,2023-05-26,11467,2023,5,1,1
356,pollinators,2023-05-26,11472,2023,5,1,1
359,ground_dwellers,2023-06-27,12220,2023,6,6,6
359,ground_dwellers,2023-06-27,12221,2023,6,6,6
359,ground_dwellers,2023-06-27,12222,2023,6,6,6
359,ground_dwellers,2023-06-27,12223,2023,6,6,6
359,ground_dwellers,2023-06-27,12224,2023,6,6,6
359,ground_dwellers,2023-06-27,12225,2023,6,6,6
360,ground_dwellers,2023-09-26,16112,2023,9,1,1
363,pollinators,2023-09-17,14372,2023,9,1,1
368,ground_dwellers,2023-05-26,11468,2023,5,1,1
368,ground_dwellers,2023-09-20,14922,2023,9,1,1
368,pollinators,2023-05-26,11471,2023,5,1,1
374,butterfly,2023-05-25,10475,2023,5,4,4
374,butterfly,2023-05-25,10476,2023,5,4,4
374,butterfly,2023-05-25,10477,2023,5,4,4
374,butterfly,2023-05-25,10478,2023,5,4,4
374,pollinators,2023-05-25,10480,2023,5,2,2
374,pollinators,2023-05-25,10481,2023,5,2,2
375,butterfly,2023-06-12,11274,2023,6,1,1
375,ground_dwellers,2023-07-31,12969,2023,7,3,3
375,ground_dwellers,2023-07-31,12973,2023,7,3,3
375,ground_dwellers,2023-07-31,12974,2023,7,3,3
375,pollinators,2023-06-15,11456,2023,6,1,1
