tf_id,NC,LNK,SLC,MSC,IIC,lsm_l_frac_cv,lsm_l_msidi,lsm_l_pr,lsm_l_shape_cv,lsm_l_shdi
85,8,149,614133.1948010036,83181.3522162,0.05824934099760303,6.679039007558313,1.0051045400913527,6,43.64609902069655,1.1492512205724403
86,1,315,1868175.0124556264,1868175.0124556264,0.3417008544413852,6.183268766120414,0.5126398248835874,5,40.750927429790174,0.7438687916926824
87,1,295,1983883.9987906886,1983883.9987906886,0.3738678161214692,6.8876818314242705,0.38742990642036484,6,60.8412821194894,0.6694974354838494
88,2,188,2053048.1693011317,1026952.73362436,0.4041312622869154,6.1554735391273505,0.2054450837245613,6,50.42218630525776,0.4097962032608012
89,1,91,2219023.076422482,2219023.076422482,0.5029433464428171,5.7840033481747035,1.0718091411418715,6,43.97834058210034,1.2220937972103791
91,5,196,585036.5090488243,138654.30511654651,0.034877142129539226,6.33888586515964,0.628751313467867,5,54.84152005118244,0.8060832212575202
92,1,363,1995400.2272454628,1995400.2272454628,0.3532298105655138,6.063351956524552,0.3462234625756716,6,69.51197643236871,0.579680928649122
93,4,448,1194158.3407979447,299732.8701596964,0.11404364920971799,5.936354650650898,0.5949938653422712,4,31.6702173955516,0.6726165787529497
94,1,86,2045342.3873264256,2045342.3873264256,0.4161716290933954,6.708781522791081,0.4438561237781358,5,44.568698442097364,0.7209052731495842
95,2,697,1453495.7138658166,727046.8870984864,0.18317657247557229,6.5334113852993,0.3121271280863037,5,69.96181131984136,0.5545803391100772
96,8,37,498911.9588997123,68820.26269490454,0.04313286388796332,6.5960880467920875,0.897848790052466,9,48.44339955857109,1.0597030357646855
97,7,128,903053.1586683836,156140.7134389838,0.09102680737559539,6.312345323774499,0.7276619370349393,5,34.840206011802714,0.9394854880376649
98,3,620,1388324.6872452481,465927.7153542585,0.16168664252947068,6.729871462209637,1.080390197198209,7,45.40337721656673,1.2782716146935702
99,6,239,609199.2111443557,109105.32350874587,0.036552538149439144,6.360111287754625,0.3757929841875306,6,61.433285449446736,0.6313903097239868
100,3,566,1121183.19511817,373860.6356959658,0.05916286215407947,6.373929912816058,0.6142485946450826,6,55.219948415377296,0.8692226544085913
132,1,62,1340145.2477685707,1340145.2477685707,0.24786268779366571,6.304200343710667,1.0172607401926672,6,39.20918025799635,1.2427639322395247
133,1,409,1441876.0659240417,1441876.0659240417,0.17725335629827152,6.138985904146734,0.9226290533011772,6,34.91485895632626,1.216644716479642
134,1,535,1313937.6492295482,1313937.6492295482,0.0930961612501941,6.426856430860766,1.2283466375518899,6,39.89411422963108,1.3799066304287952
135,1,40,2389765.7680272036,2389765.7680272036,0.5829935040454746,6.3949417827573685,0.19952778916529407,4,50.29965648937577,0.38985999363987694
136,1,352,1353042.6823579106,1353042.6823579106,0.13978752286476237,6.092337543432025,0.0854160549777948,4,65.46685797190196,0.1975118159501884
137,2,508,1676537.1098085754,843521.5271361944,0.21893542686909892,5.8949945805153385,0.2349843508637596,3,43.24926128448555,0.4315178736878952
138,3,284,1207510.9979205693,402603.3310949539,0.21268834333821285,5.971031309198715,0.5356682791874141,7,60.137951539937625,0.7710800629523528
139,1,27,2040226.0351988552,2040226.0351988552,0.529430589217706,5.9976002754059214,0.7832767961100656,5,48.04355901016907,0.9347667722954862
140,10,865,249905.14252492785,27013.377274511433,0.0014596070687730375,5.912839227355245,0.7650754023087909,7,39.57717150665808,0.8457733553090981
141,1,45,2449781.7637737785,2449781.7637737785,0.6124618032720512,6.47650967480877,0.9062614341723308,9,47.58072049860542,1.1789245427094444
142,1,92,2226421.161727724,2226421.161727724,0.5185516458538432,5.1271020576883375,0.19127880246784487,6,54.471085538560644,0.3589723556643192
143,2,167,1498995.2515611942,749647.127149386,0.18722783933496479,6.31522983027302,0.2715398581703824,5,74.71816971568597,0.4855276010701847
144,6,547,624711.2094752524,107648.63413965832,0.0229057865050851,5.9352272236361525,0.4107022589751598,6,58.97685674149396,0.6127770755853484
145,2,163,1288305.4291088898,644252.3808738498,0.17684130399442155,6.7440498040820325,0.9387367226335406,7,56.33050957119675,1.0611268144109955
146,1,357,1489680.5978462559,1489680.5978462559,0.22228430096385027,6.612780934070925,0.455618550137642,6,71.54300190578483,0.675825191264158
147,1,210,2605950.1418391215,2605950.1418391215,0.6884268410821968,6.477934097584047,0.7476053941367573,9,52.02059691536676,0.9899042136590672
148,3,41,1308730.1220752131,441160.1566137471,0.2373134816651957,6.530836722723818,0.059772153366520295,5,80.94328483025136,0.15936261765134627
149,3,177,1574990.5008585555,528622.9442370136,0.2864718605501676,6.796487397226518,0.5393519516809383,5,48.19197563373954,0.8412807203936924
150,3,375,1561080.2659754376,529681.6485695489,0.2323607381131611,6.849540981420782,0.7765108856201314,7,46.84053445317022,0.9276071477005894
151,6,48,1381141.8927525342,231165.29626939437,0.20582873066432833,6.778181477168309,0.7115386610697322,5,58.79918374213833,0.9214775334361718
153,1,97,1579544.6840208003,1579544.6840208003,0.5642668893616993,6.178860308935433,0.12235925656346829,4,62.23961005952942,0.27156450157630374
154,2,40,1185361.6337623482,597409.6210937806,0.19134291860535158,6.342812616202464,0.4636003511194452,3,56.645577084658804,0.6839420794355329
155,9,87,806166.8306021142,90903.41191222874,0.07214074697306985,6.4022556767235335,1.009191000395951,7,45.57603385115188,1.0673743269484888
156,3,91,1664578.1169542095,562957.7185348866,0.2906257613809978,6.3266540143828465,0.541091400895699,5,57.580339472679576,0.7647162487210125
161,5,447,750513.4059509372,182894.19837462998,0.050676724082764545,7.235980244583857,0.21276517928403268,5,47.30942675231444,0.43062639554847204
164,3,114,1636668.5982828492,552583.2661394818,0.1988663063019409,6.805800674703175,1.0865926483399877,7,45.698400619953865,1.281089723233526
165,4,416,1602904.9503902097,402392.55930564256,0.3466828614999738,6.409501388102362,0.7382640345114672,5,49.58919844410748,0.8191312622357118
167,1,77,2351026.9237989113,2351026.9237989113,0.5644278721086221,6.393686970193587,0.33641921474529485,5,61.232565353292095,0.5229519218631142
168,1,145,2607986.914236232,2607986.914236232,0.6973030680962489,6.44928157666883,0.3217425005265922,3,73.23822092752313,0.501723403143307
170,6,149,356919.17990198964,142556.43940838132,0.025428108287380114,6.614963135218173,0.2654001284604013,6,42.55875684028686,0.508556720338353
171,1,152,1878305.502496007,1878305.502496007,0.3912443388624971,5.935294086691521,0.1760225376410251,4,60.65206337877651,0.32200088289039475
172,1,181,2202069.453822248,2202069.453822248,0.4538817710273634,6.637897735604751,0.34504979452065704,4,48.93826248104931,0.5615518771219222
174,2,150,2225334.176802516,1112716.884502121,0.5367144189665906,6.642216996534038,0.209320465270356,5,77.53441670323186,0.40472979596882974
175,1,384,2170762.1389036034,2170762.1389036034,0.4680618646540954,6.585447878699392,0.7415452380078646,5,46.422676003823746,0.8498281294291654
176,9,12,11860.89017448405,2624.6808074201263,1.2042484640661953e-4,5.686202858730844,0.2158219409675878,5,57.70544325555282,0.422531363024511
177,12,81,235161.66801089968,31076.39407358413,0.006205308667538188,5.956096556067891,0.19172135641642168,5,52.80597515126959,0.3948721216881935
179,2,494,1794379.5684025718,897610.0663442891,0.3034458325476619,5.604637954945437,0.36716025879238706,4,45.14035368456576,0.5285860683273572
180,1,112,2203891.089541271,2203891.089541271,0.5271371862256883,6.543000230874497,0.5047124778178108,7,47.17466078380284,0.7257886353621331
181,1,155,2196434.288577714,2196434.288577714,0.4918560821329948,7.273453009323632,0.8768302351695065,5,55.59626324947644,0.9872546456383213
182,3,154,641396.862890197,214330.52963861157,0.09997838228919585,6.154661470832038,0.5191942143158456,6,58.07672639376109,0.78142500280865
183,1,526,1274900.3056627568,1274900.3056627568,0.14116531908901808,6.893732673579757,0.4255131231619365,4,57.02890025124109,0.6620346268241297
184,2,89,1496825.1659834748,748462.407890389,0.2681421410276586,6.673620285911826,0.20201771948468106,5,79.87103488640372,0.3731323445133538
185,3,204,1291596.5271284916,430593.65949357365,0.21082169973161508,6.647642896544392,0.46478419079717437,5,69.2034980208323,0.7235857805203605
186,3,152,969251.7543868867,339120.8529958394,0.13340086865905923,6.505537386240062,0.45470046595191455,5,60.5693822938967,0.7236961498407382
187,6,42,267353.59982584097,48543.593086243614,0.011386606354320922,6.913546038525198,0.33093086410586114,4,82.50819460781474,0.5432904087565139
188,4,174,997700.6826128495,249624.43093106718,0.19502445565814605,6.48611780591335,0.8369782817738296,7,47.70125635031619,0.9609126438456025
189,5,280,724660.6394563712,150296.20620399094,0.09499526408531793,6.387211125137538,0.8511809413334727,6,47.82947714387248,0.9538814187552885
190,3,976,797453.5022094414,266116.80242354417,0.02341792775668119,6.809252070195204,0.6321007271495066,6,57.858975062844515,0.8499575762522564
191,7,625,691964.2890492599,100574.41000905729,0.026725865260174505,6.216059878925942,0.24902146541749406,5,73.17963283570414,0.41767696771278673
192,4,759,583780.6884375389,156578.4282282544,0.013621591315780106,6.23010449283245,0.30450116027314167,5,52.504969382267554,0.5285781878887506
194,4,108,1662427.1293394116,435871.1565204529,0.27932830539090386,5.959226643230562,0.41157690388054635,4,49.59660521261088,0.6181636828599947
195,1,98,2475030.767574955,2475030.767574955,0.6252755209135723,6.291923097248829,0.42869420294160226,6,64.65746312832322,0.7050086892720843
196,6,87,104643.28310724441,18071.049460480168,0.0032315969320755567,6.6481244131240835,0.1280955718018163,3,78.95809542993071,0.25833521505418194
197,4,31,1287784.875564137,325827.43177725177,0.20981999970704573,6.138787935091445,0.2424711664495673,4,74.30899777223016,0.4469950056947852
198,4,178,1415327.2744546377,356840.919965387,0.2027183218190158,6.8806115369912915,0.303813139921369,5,68.32454835600925,0.5442745454763505
199,1,180,2229664.3382585463,2229664.3382585463,0.5113452578877704,6.052339242648541,0.43274721624401524,4,55.68835735210111,0.595267199875672
202,3,35,427178.4641636029,146611.5222904695,0.101442844287629,6.805181770643913,1.1043151034905123,5,43.5292830780111,1.281614453876148
203,3,34,1155743.1716485685,385480.27899870434,0.3007849951133725,6.887428390734528,0.21654086040012072,7,58.273178732957156,0.43176745957271445
204,3,521,394943.73006976675,134338.91180169405,0.008831989073121238,6.4011791318432225,0.9404999581954663,5,40.13755346030585,1.0414062251273726
205,3,68,2067287.874294045,691779.1419768725,0.4509435167038613,6.28435135456495,0.6558387687511137,6,42.22646971258815,0.8794802007591493
206,1,184,1829318.3092155983,1829318.3092155983,0.35831952965760233,6.607450676691646,0.557439000361795,6,47.10519474160976,0.824002015770481
207,14,236,54246.41696472713,5214.153624367487,3.7774119319162287e-4,6.238731218133727,0.2632832809768408,5,81.02955137280253,0.45784501858542836
208,1,71,1986669.620859154,1986669.620859154,0.4268325651024668,6.664778589764275,0.54558314222246,5,63.528563055912244,0.7588750934961881
209,9,42,48242.194587811246,5549.324574733404,4.0121724621150566e-4,6.248620012621526,0.4456501851892476,5,44.94531600400163,0.6878482672600957
210,1,217,2172654.9317570315,2172654.9317570315,0.463735409704957,6.4141123632936505,0.9134854532941079,6,53.74971753315146,1.1466039660072673
211,2,108,1980896.6693188327,990498.1680725518,0.3953148985003875,5.814451506124241,1.282410678919214,5,29.969461855634382,1.344497512289959
212,3,123,1410265.0173675735,524987.1525089919,0.18068076811142364,5.534694302915006,0.2956514657467787,6,52.66700714387552,0.4955704146156086
214,1,299,2200334.2347166287,2200334.2347166287,0.48523446065189174,6.365203188986951,0.5693092518010838,6,47.35165259368509,0.8353215317295061
215,1,109,2074108.0737473492,2074108.0737473492,0.4212277356431048,6.4418735211041485,0.8934606300077088,8,44.15756503207518,1.0530171809034554
216,2,395,1516803.9383969235,759298.9644787183,0.1994007074664865,5.374150923218714,0.15403688046096356,5,70.84567260925563,0.2826948999108626
217,1,64,2047408.778727758,2047408.778727758,0.5270503731277276,5.7393400932631495,0.819144685919745,6,42.77713453327402,0.9017077552379502
218,8,65,1162625.221321939,150390.03777244384,0.16666247654501493,6.465177500911486,0.5546059838981019,6,75.79971764378259,0.7696135388477291
219,4,128,594074.1687104163,157141.58140834142,0.051899557726782,6.261884703315858,0.216251183157348,5,68.03535741116374,0.41372900730380385
220,1,163,2409061.7480868427,2409061.7480868427,0.6109029698849239,6.669370469246683,0.5303086985071822,6,61.75498635962999,0.8024078469778774
221,12,175,238858.4152005153,20454.59996770641,0.004040162412272776,6.583366315820469,0.3649629892497576,5,61.086067861566455,0.6466993644652388
222,8,108,734904.3531037939,93008.94066969129,0.09858719507993416,5.588500208400283,0.25892005377242916,4,83.36323405284347,0.4216055128964696
224,4,209,1622809.7093539631,408531.72606939246,0.2772756538633443,6.274787718978495,0.38576927785366083,4,56.708952496585646,0.5869615280154631
225,3,121,1606068.7046442651,542553.5166590584,0.2981792442469273,6.423563663160455,0.7300057178047065,5,43.33464324392186,0.9222260990476225
226,1,91,1484507.374806921,1484507.374806921,0.5269910580076475,6.3837665852477095,0.2921041610180498,5,63.57537388446839,0.5108388003270998
227,4,52,754017.0154675029,197882.61073883963,0.10297186227942776,6.217022107526402,0.5858501480787245,5,59.68954018595434,0.7329135590763791
228,2,299,1366166.4808936063,684030.1745829275,0.20174152742695745,6.343377170501282,0.8569472905222093,5,45.06290053727222,0.9588393159251865
229,3,75,1853047.884254255,627797.3339560222,0.34993045727444677,6.224360072410667,0.42787251671392623,5,56.4460164782867,0.642021333567242
230,5,987,636364.1354711608,129940.03922473805,0.015114973063684749,6.007500307244131,0.2510539593923215,5,73.16342735050594,0.42383345323201865
232,5,544,848032.0158902752,170866.69929519546,0.04587545556819391,6.626979712144789,0.48892100164405167,6,75.94438740067699,0.7302581093878959
233,8,321,734779.3426601787,95138.42501912771,0.05306265877054954,6.330172372580403,0.2077205775301371,6,70.70082486115133,0.42465581302954936
234,1,231,2364495.1071629357,2364495.1071629357,0.5794198029860295,6.205987932728022,0.5440549856860882,6,53.69901479882495,0.7566185525586528
235,1,135,2549794.2165319137,2549794.2165319137,0.6628785558066984,6.1818949341685565,0.5415516400849981,5,48.34924868162717,0.8033309143791676
236,1,746,1776263.1735526426,1776263.1735526426,0.27987214017605105,6.783307666158775,1.0351476173928342,5,43.110928147674294,1.185148693170371
237,1,266,2624025.491236831,2624025.491236831,0.6139965382130924,6.642216996534038,0.209320465270356,5,77.53441670323186,0.40472979596882974
238,5,966,621523.997663107,126957.03282544282,0.01471423524848376,6.409764869476245,0.780134946854194,6,45.962285038359774,0.8646817737472641
239,6,304,1100974.0846194536,184487.99007956733,0.15326149671262415,6.236582160752531,0.5338036621602616,7,58.845780223397696,0.7387430242093114
242,5,137,1373408.1709037223,279040.9218083063,0.24577047231165183,6.5891527086906745,0.18938859386570292,5,64.74991866215002,0.3844978246896443
243,7,763,905906.3560841888,129664.30599564398,0.046384431692941375,6.4203422897017335,0.7833331397808337,5,43.861497057859374,0.8685752347918263
244,2,66,2238288.3136911923,1125197.3049260369,0.5764905619963354,6.888761008989808,0.5109330229794593,3,45.574603092746706,0.7082704073243576
245,1,165,2464442.8951967373,2464442.8951967373,0.5833816048447162,6.480354001129611,1.0185461748811786,7,42.504846601158896,1.2001378073714686
246,5,150,1548054.2031689235,310964.69974191475,0.26563696571394774,6.422184554919207,0.25753130138204045,4,53.552021294891915,0.45956320465910283
247,1,164,1373851.7693678632,1373851.7693678632,0.2988103693263337,5.924781566492488,0.6181563955721555,5,49.85098590877944,0.7309510283186706
248,1,88,2325613.73894381,2325613.73894381,0.6053665057481545,6.630920578662545,0.18688707694025716,5,62.52684061946296,0.38237226008885533
249,3,151,1590327.3143134075,531177.6103991809,0.306581664879523,6.690587833100342,0.3727921286061713,6,67.10027282949254,0.631038236174662
250,3,151,1590327.3143134075,531177.6103991809,0.306581664879523,6.024525340304985,0.33923381182738593,6,46.96290198240632,0.5753942104029484
252,2,191,1640444.6486618523,823408.8208350835,0.3084270072729554,6.525919437528761,0.9063721355740381,7,54.348934129211116,1.0902468589229564
253,4,257,610176.5846498063,159438.58466182972,0.046265094942500674,6.741008465820555,0.6893496821235837,5,51.552006181684455,0.8473303548575597
254,8,51,357539.02682822815,50000.6046636273,0.03010412428748651,7.0204732700728885,0.793928050599098,6,57.16013966600386,0.9537041650422802
255,8,55,357538.9933853901,50237.72705429947,0.02990169749504928,5.90172364171913,0.5321204914820288,5,59.52736845269361,0.7178172421055933
256,1,405,1606694.9014738873,1606694.9014738873,0.25925709639555733,5.742262607106147,0.29554713449334186,5,53.78219191022465,0.4707932252635553
257,1,424,1589200.6283441945,1589200.6283441945,0.25306235285173634,6.857266722775155,0.5100238467497143,6,58.62089527022252,0.7115753791411716
258,2,9,1913389.396397293,959434.991204323,0.715418125900809,7.079639611274583,0.9104431161420461,7,64.10167517829058,1.063660020009286
259,1,66,1893678.9293654836,1893678.9293654836,0.4878930994756159,6.778260550368734,0.9719766894198727,8,53.940500761436226,1.1684201418860223
260,1,64,2529858.7963587195,2529858.7963587195,0.6597734176770973,6.586548287405125,0.7486139553531628,8,46.80705660882823,0.9378109229379541
261,2,552,1274043.2835695157,637320.5882011475,0.09571349469278322,7.067149934388419,0.6836858772475196,7,64.32323449282949,0.9519999921949708
263,10,324,522851.0918366848,56164.99981269188,0.0166162385118163,6.38422948108693,0.24212775035442863,6,48.42304996290762,0.47676585675967065
264,5,29,1413682.651657652,290310.63201224274,0.26214182181042434,6.167419631092326,0.7982345295929602,7,56.29782412688441,0.884162044389259
265,4,223,1343299.79804196,340015.2764329,0.17484154921164613,6.337052208347375,0.726904267519595,7,52.07670049968677,0.898326642326917
268,1,107,2483242.574671866,2483242.574671866,0.6218908669856833,6.587925677459178,0.6857599290740761,3,69.88616422742507,0.8619200900884021
269,1,172,2059184.0927319343,2059184.0927319343,0.3944728841502528,5.691271214547129,0.16624237434235967,5,70.46239071931298,0.3654028400391555
270,1,98,2239566.2658481942,2239566.2658481942,0.5029837868668482,6.300743170897771,0.9538814292181661,6,50.19572879367675,1.1252234204681626
272,2,398,1259763.2199255324,650399.1350843627,0.1426395996541194,6.262121167770065,1.0954019706599243,7,45.673348880589366,1.1520356235517852
274,4,119,1211849.5394861172,373393.461851424,0.14902695103342925,6.398750091724407,0.16422723459751726,4,54.79604235319988,0.3037797142920088
276,1,273,1931935.3193484272,1931935.3193484272,0.2994057848617161,6.588510159034531,0.9455196281938316,9,50.00743356536106,1.0901838767246175
277,1,380,1781065.6642470423,1781065.6642470423,0.3135510769145483,5.705135014020478,0.8841436759262528,5,45.69846827488114,1.0062614060362454
278,2,784,1294506.8984760663,647294.0763119921,0.09828747268714659,6.069398148829714,0.6761233074640269,10,37.107197508262395,0.9191431136135009
279,2,298,1453612.5371048043,815956.2547797759,0.2101511405302415,5.86721604661184,0.3869432563875833,3,53.8469602076682,0.609475948670333
280,2,89,1727201.2091149504,871227.7948285708,0.3597257975111938,6.3442551238228715,0.24719211147845707,4,47.563923513668556,0.44327448054781426
281,5,557,1173455.545978118,235687.78872529106,0.06606567727863998,6.820000972181114,1.2846009955263256,6,51.32902413342343,1.365099883776717
282,1,135,2447607.2084864457,2447607.2084864457,0.6176679029371233,6.626927356246664,0.3143108983748384,3,48.09211443828898,0.530989632974958
283,2,247,1713594.1639937393,895591.878635011,0.2853190336829336,6.06194930486204,0.19387984730496358,4,35.860908887977075,0.366072260091845
287,3,129,994674.1602884308,339889.59177009924,0.10361831104542017,7.295799022279445,0.44841162854487476,4,60.01980097848734,0.6666674868112936
288,2,796,1283487.68436775,643251.1801267412,0.10233610479942355,6.577721741782486,0.6846121265286967,6,42.618941139953606,0.9016488517299766
289,1,89,2634414.164451727,2634414.164451727,0.706599524674012,6.468729004257249,1.0878863919703583,6,43.945959171436165,1.2897187080945547
290,2,229,2381402.1140197325,1242601.0299446005,0.57723425768795,6.292889465283786,0.6834800057887541,7,41.390119970681255,0.9883338015695198
292,6,55,1370668.489154125,229447.30685779147,0.20343896235951675,6.166503649205009,0.19696353662056795,5,51.99535852278355,0.37212817695794354
300,3,682,692950.3586675717,231643.42997712933,0.014110817362217136,5.722269855983089,0.4929434653400336,5,46.66358679067176,0.7294452416129324
301,1,215,1935983.8422681715,1935983.8422681715,0.3765094550093689,6.340539464773064,1.2989371385854251,8,45.421986175945776,1.4218667008987178
303,1,129,2249491.5375858922,2249491.5375858922,0.5002524994523825,7.322752994354471,0.7373251226248921,5,57.39469720941548,0.9170893919817209
304,5,182,613212.9207812854,125248.95574156735,0.04883392362474779,6.291119087462765,0.7356497285405792,8,45.60771462708316,0.9590466934860857
305,1,48,2261932.3311777436,2261932.3311777436,0.5541392121385851,6.756707355297903,0.8458250175807805,6,47.45155522287003,0.9861812690898558
307,3,318,1016126.8144556517,340587.9812750739,0.07554931402156048,6.203749332883095,0.8919047350342775,5,38.94987139037502,0.9981027332624228
308,1,363,1995400.2272454628,1995400.2272454628,0.3532298105655138,6.6138895561887,0.8302648822529951,8,46.00104225657197,0.965873209384233
309,3,65,1337073.3663239914,461400.94202727923,0.20447013741548606,6.743560444600069,1.0354379687339312,5,46.1073263692337,1.2147186059166124
313,2,150,1354108.6862232639,707098.4431909228,0.19067590038665586,6.3770943557443935,0.42960065786705376,6,48.70334336097594,0.5828372931474702
315,1,64,2388102.4432379813,2388102.4432379813,0.5780957400491531,6.3429219601547455,0.7969497599280091,5,50.07722749800322,0.9423012800236444
316,1,99,2369812.1670786734,2369812.1670786734,0.5515516018033988,6.598691740818709,0.8399618161822362,5,49.31480125584818,0.9869247900292016
318,1,59,2136729.7646548306,2136729.7646548306,0.5182764834517525,6.568758036552613,0.8061397242149729,5,55.566864657527084,0.9456543493545151
319,1,29,2168954.010488227,2168954.010488227,0.5987771849435979,6.14959206630216,0.38785319792960227,5,38.038408780114366,0.6673878077329531
320,1,254,1281047.598621652,1281047.598621652,0.13211378780155936,7.060440338670536,0.7389447933791421,7,48.37335047430553,0.9105218621479416
321,2,648,1680155.0817603557,842665.861939334,0.1774525281270836,6.25864387674339,0.7944788943958243,6,42.30261253392469,0.9010802661696633
323,1,685,1334514.5726497178,1334514.5726497178,0.0864500205180723,5.605395721966845,0.2059958510307624,4,60.80249533568173,0.34466066391323985
324,2,584,1482473.3906949817,741336.37228914106,0.14079679130710465,6.005223619893287,0.704546097150059,5,46.47826553118643,0.8035431078707744
326,3,415,1349157.3471524022,451975.355755769,0.11818104190934767,6.781750414589741,0.7848524622505743,5,54.07000928211062,0.919561032204196
327,2,662,1525801.4996793433,763000.4260859701,0.1353176410610953,6.663567794101344,0.6772777972820224,5,45.53470482798946,0.8227491837932825
329,1,93,1988869.8189582198,1988869.8189582198,0.41202036803247405,5.482476916999487,0.4342028617471672,5,54.87250934373529,0.6363684270539846
330,1,222,1863715.2205743915,1863715.2205743915,0.2988265095002549,6.825232370103406,0.46250459566371815,7,68.20818271463257,0.7090296305165444
331,7,106,618603.1409806699,110292.27215183915,0.03179676437431912,6.140222764522188,1.0261167140600986,6,33.19377995703763,1.2121309009302326
333,4,49,1256831.9060083746,317655.2148039693,0.20471904782347244,5.9313536755521215,0.48822941598543756,3,47.133915016330334,0.6947445341268121
334,1,237,1915694.8271761513,1915694.8271761513,0.35730682189322027,6.172572708144743,0.4358650127300517,4,55.10739652446417,0.6350377151844206
335,1,238,1931739.7944950531,1931739.7944950531,0.3643289993792582,6.962322317844348,0.37047513315156627,3,72.35894688816775,0.586771746383758
336,1,169,2252218.4589557806,2252218.4589557806,0.46925222925689836,5.974151433869239,0.6420342244249211,4,47.96514540678415,0.7872064293098482
337,1,26,1985983.712447622,1985983.712447622,0.5090124665604564,6.951606515448708,0.4487000463749339,4,62.36080503472917,0.6675670896136439
338,1,179,1947708.9724207737,1947708.9724207737,0.38334577164968076,6.834521201518376,0.588940849463055,6,58.69568394900024,0.7793472507515014
339,1,183,1943007.5974691152,1943007.5974691152,0.30287871918080367,5.541813796116873,0.23249153461542685,5,76.67436315794609,0.4200494217483642
342,1,288,1799612.73549964,1799612.73549964,0.28453148154585833,6.317825053272052,0.04309454432526963,5,51.26796183686395,0.11852278405408953
343,1,121,2220672.7710177302,2220672.7710177302,0.4836369520425654,6.161144663429049,0.5222840000480445,6,40.83367143226406,0.6963837983039239
344,1,677,1362563.369173099,1362563.369173099,0.10701141098398727,6.318079564292836,0.4464201186357202,7,36.2994437514416,0.7224083206732748
345,2,44,2106597.1223402196,1056787.2362647222,0.4681477962860351,6.322030530229635,0.30681252235684897,5,53.4313660861056,0.5150329290347999
346,17,763,37666.726640131004,7402.680534954797,1.1002978821629462e-4,6.246655181648373,0.5900382981457988,8,47.06705030030852,0.9041186683836671
347,1,325,2380218.0093717542,2380218.0093717542,0.4133724949148458,5.912474444185492,0.32489178965225823,7,40.61070968924536,0.5711240880238059
348,17,296,28269.977099338364,5348.220477649955,1.480216329515873e-4,6.327286692264481,0.09476740054085948,5,53.826206192834746,0.23911635164174366
349,7,137,235177.4163387909,53752.595321691544,0.010799511023379154,6.231365589490767,0.10437247439849892,4,48.85589200446922,0.25560958907082776
352,2,289,1961702.9851398799,981849.0282467072,0.29663876014652346,5.728657326740384,0.8337193014317869,4,43.3670016608393,0.9362588093940548
353,1,122,2039494.0596687533,2039494.0596687533,0.42101165461059975,6.3273404640664985,0.7475406768898394,6,47.602022133456,0.8674033503877234
355,2,114,1788831.3057384018,894565.1755059313,0.3698874628632491,6.1307743085684105,0.6297832342740113,6,58.00346679356082,0.7929143009046689
356,1,73,2012401.5655164863,2012401.5655164863,0.3591933749457906,6.221629698102477,1.0400188439903502,6,49.82475228861583,1.0971456707514688
357,15,303,78363.0258813047,10602.816673340123,3.676067358930842e-4,6.743220086671119,0.9956865046368277,7,48.426494639863115,1.1711025430180393
359,5,250,1207771.2205246512,244370.78802828453,0.16441258873531778,6.224132005668369,1.1297908341810028,6,45.43444719196912,1.2548131045522029
363,16,87,10064.219640050553,1931.1634213137677,3.296851832083278e-5,6.438187714569619,0.26931221346324313,7,41.732564310466316,0.49052507804938167
364,1,143,2203286.237843649,2203286.237843649,0.48756814544760385,6.604447985257987,0.2128717614175791,4,79.8794121864461,0.39304560669693644
365,2,303,1742977.884591626,873805.5956063588,0.22713472149277392,6.734508035884152,0.1782668158354827,5,49.716780616255555,0.3569500301186196
368,4,230,1063666.0361402398,266165.5944822783,0.13976985086664998,6.205391552873418,1.0431257928973399,6,49.635070813471955,1.0983660461888094
374,1,61,2529219.592797622,2529219.592797622,0.6499494024118322,6.346684086021456,1.067115484417247,10,41.720302097750405,1.1777112116011172
375,3,41,1075851.0397887307,358816.2541964452,0.21277355862861905,6.874912556781484,0.7155384824740189,5,52.22694585221163,0.8850328346790304
376,3,148,1946776.7403005199,649025.2574578614,0.3810530169037727,6.374202653213045,0.3923267778199012,3,45.57814573880613,0.5679733012448953
378,1,228,2159841.0331159737,2159841.0331159737,0.47048308360096314,5.799460970532162,0.4158202646936861,4,42.03522846040109,0.6410150357432401
379,1,455,1666199.8609890952,1666199.8609890952,0.17518430525789955,6.211015466737497,0.321089865027761,3,44.07887554637953,0.5370818225621683
385,4,472,143099.34226207982,39086.11615850692,0.0016200586239622928,6.268859308144712,0.2789185053842436,5,44.33384884514209,0.47897194945946175
386,1,556,1395580.8078246003,1395580.8078246003,0.16585193152985717,6.244740061672505,0.28147545829127146,5,45.16886090609951,0.48265218755347555
387,1,362,1675696.7172552173,1675696.7172552173,0.25677354492117277,6.244740061672505,0.28147545829127146,5,45.16886090609951,0.48265218755347555
388,1,239,2042196.133432666,2042196.133432666,0.4355576500071626,6.211033470318847,0.7661775677390488,7,56.994199245387634,0.9249107276575242
389,1,160,1616241.7255557696,1616241.7255557696,0.14785457729837387,6.230708806270547,0.9254597963919,7,40.50977139974041,1.1527660748476065
390,2,299,1654921.6243419894,827801.5843141931,0.2652483957235955,6.130759048721094,0.7950949395712037,5,34.52639685938833,0.8825872480201623
391,2,186,1677798.2465911633,842032.0370709426,0.3679181928761877,5.959090245908201,0.792418239083724,5,34.22087072487153,0.8806337865169145
392,9,150,114999.49780967797,18386.92753358859,0.0013463083879526761,6.19404318401948,0.37380996780177494,7,70.46647418816141,0.6502224382349874
393,2,166,1970202.4080486712,985151.0401425691,0.4093886780530329,6.172815893446628,0.3815553438561399,7,69.6061505614285,0.6618999756763732
394,2,131,2109922.004522693,1054967.604283484,0.47412470226295883,6.38756527136032,0.5544107372038748,7,51.08921349854222,0.8251291996578425
395,2,134,1998216.6053483917,999270.5015605724,0.3914276220071099,5.874765711824851,0.03201336173778912,4,54.68509044865097,0.0933762107966852
