tf_id,NDVI_median,NDVI_sd,GBNDVI_median,GBNDVI_sd,EVI2_median,EVI2_sd,GLI_median,GLI_sd,MNDVI_median,MNDVI_sd,NDBI_median,NDBI_sd
85,0.7028025584019569,0.1666628522432815,0.47925477693219126,0.18833886420643262,0.4787428098369845,0.1757405244460511,0.19515550724628833,0.10028154541153363,0.5032646556541404,0.186330513250242,-0.2849678112358615,0.16131997720284275
86,0.7137625839961189,0.1856519177782521,0.49033968019739105,0.1958822049118968,0.4951287950521104,0.20139231220534112,0.21113258492139608,0.11572759520873274,0.5151179059205007,0.19101148197203838,-0.2995863035901653,0.15393190792412342
87,0.7094821871032618,0.17082299334523574,0.5031058040567972,0.17990832067694448,0.5178512655914612,0.18811567468065193,0.19623253625892023,0.09710408826307776,0.4886562830852487,0.20849598256194918,-0.27555749639967897,0.16613875717096735
88,0.5502816616813803,0.201988060343662,0.338618613273299,0.21651934865266853,0.3584363667864972,0.21708833670646785,0.10499189356129435,0.10615388656549218,0.2979997190904559,0.21448705836804746,-0.14760010689735914,0.17620572782345395
89,0.5839203331860077,0.16233509220096853,0.3425364212068852,0.18452168102278563,0.37161310651252816,0.15665204268786576,0.1212424604062066,0.07198997712505692,0.37068167430706384,0.16331179203160567,-0.18146769802046936,0.12973097488586266
90,0.476327619869242,0.222482818669255,0.22455547773279552,0.2530533767396087,0.24168750592406144,0.14906826236089346,0.08773066644804975,0.09177559558470158,0.2317325088418668,0.21604878669377556,-0.09153052002645469,0.16828677822009888
91,0.6102479706479333,0.1912721182511,0.40896128572714463,0.2017786263709252,0.4065154966226203,0.18301148429545308,0.14542398603896683,0.1022849419344856,0.38715059360014825,0.191166612237222,-0.19449401896928406,0.15117827130218364
92,0.31429642216236336,0.20862414414164615,0.06531189657829926,0.2381028118739602,0.13459303395825498,0.12150439136268776,0.061490259989142704,0.06765223448452885,0.0952759920601965,0.17834098307937127,0.023583994252995136,0.1553146845121019
93,0.5598489929265806,0.15502641451168256,0.3148027719572537,0.16653977172263615,0.36165392585217526,0.13512699727036812,0.11834945060925985,0.06506011385578225,0.3390392217052302,0.1378264318013573,-0.12900848769769563,0.09074461262966275
94,0.5569013751479993,0.21909516259616396,0.32717825290574093,0.23472025406677843,0.3410881722899995,0.210192453599623,0.1371312133317957,0.1251051822197382,0.2914889756974919,0.2200857750710923,-0.12914391934990443,0.17540671068054367
95,0.8007661181633152,0.07068877431207753,0.5895810877084454,0.0687050633166112,0.6038711960581501,0.09195745469948671,0.25404780062661486,0.05884250871970754,0.5952834766884353,0.08273838925102622,-0.3322482586290175,0.07654758952149499
96,0.7076911611781302,0.10414160894444355,0.5054368227954693,0.12970088700938026,0.42466317869547565,0.12232173972037007,0.1870541917027686,0.07389397264301284,0.4227515768958905,0.11365685069222102,-0.19126605077782827,0.10303845645663105
97,0.7987287652344024,0.06361391331336913,0.5827438521576972,0.062052874964208776,0.5862061595865845,0.08638594454263022,0.23659828120553308,0.05058000282533246,0.6047455644296248,0.07126838448542816,-0.33083529966496095,0.07268936871806454
98,0.36272655504068374,0.1496566664932452,0.1298239844602163,0.16824746616543607,0.174428541783266,0.08979927528270393,0.036975165312269125,0.043412940542044226,0.11666818242171136,0.12517288285655917,-0.0036721666938166497,0.1001154804220406
99,0.5724849884817695,0.1822734583204018,0.3228782922813826,0.24336831445421214,0.29675527264523677,0.16263753442867723,0.15748946477086515,0.07658454225148635,0.3499950351293728,0.14668409679095984,-0.14911165918495617,0.12606577225848722
100,0.7970916331412445,0.06132644028036169,0.5822853528440882,0.05926134866620318,0.5827721322712802,0.07595443043564994,0.23205041870712492,0.04765294025690987,0.6011357403518229,0.06749735795590231,-0.3266612971875369,0.06587178465638566
132,0.25842304570269736,0.21048473923596542,0.008172390683889835,0.2322495505785347,0.12482334378778444,0.12617162545465083,0.024399066623458608,0.054625633029385466,0.0835286695903439,0.16089284065447737,0.005289186153811737,0.13942701788449516
133,0.4182475587346714,0.30225671830336254,0.15006271337084326,0.3446541348852041,0.20807459797739655,0.20062254573781835,0.11539045393518034,0.09810978210346635,0.24555874249221232,0.2388470681305617,-0.09227332271512266,0.20149684207292115
134,0.7548256642268987,0.1732807468155583,0.5386709824970337,0.19299012805706448,0.45484446527470584,0.1917379081760197,0.21560527749285072,0.1117119264892772,0.5201832590734222,0.17919791847983355,-0.29404943454361715,0.15237481484540227
135,0.6354294649524374,0.2180287736850277,0.41075214560483303,0.2372797937939879,0.39935084226715684,0.20036002695030974,0.1615591803609262,0.11917021468837054,0.3679433162235612,0.17294181556561417,-0.1705744473532988,0.13810229876717497
136,0.6005994965502922,0.17012212975457908,0.35416728961189986,0.18670206446862014,0.36195549755611683,0.16240912535797358,0.1304578916777029,0.09028207780200183,0.3163581642928491,0.17094078111490815,-0.14895057351064955,0.1420885201830667
137,0.4848542221924749,0.2068001671849431,0.23192748621022644,0.2259624198640809,0.30771130891504456,0.1848404217706,0.08516515520713769,0.06840824857568413,0.27055915971130257,0.20295788101920073,-0.11038273502967796,0.14567422127603094
138,0.367715608390063,0.27452427950902675,0.12362720979956844,0.29985387674073266,0.2380899275814994,0.23013674110345886,0.0926437133179854,0.12043096340743323,0.1631432328276441,0.24668128528481986,-0.03626939290608826,0.19234515395348556
139,0.57368198393339,0.19741583831232584,0.3411866443675808,0.2136529403792348,0.3501112146220084,0.16473036827879597,0.1070296855309416,0.08082294443234987,0.29109397770745926,0.19473753837901336,-0.12539775248264845,0.14996750646062426
140,0.5339064911691311,0.22041528747248934,0.30432938369363444,0.2525932075703598,0.3381744134798335,0.17914275954867978,0.11693843438051699,0.08342501294667327,0.34325960097067043,0.18175643146988751,-0.15493061626103954,0.13402009548078772
141,0.6032144953912582,0.15319537152911625,0.3943773061953963,0.17084886501702587,0.32040135044267537,0.11687572310229728,0.12642790387924263,0.07911514038391508,0.37481906560602163,0.1405735355056757,-0.1879152949476533,0.11705566993503765
142,0.7390739953794168,0.21022136274322606,0.5000604071059107,0.2668865333462712,0.5351459162287152,0.20431612888220865,0.27040184693586966,0.07351039284370178,0.5528884675268861,0.16037238522367517,-0.31077416943364594,0.14476221597959293
143,0.6125219752639981,0.15245889417097094,0.3776948114312803,0.17118391751142384,0.3867190829291468,0.14600141070850478,0.1534933069531199,0.07851938845696224,0.34814794074911337,0.16469656016485082,-0.1420621475925332,0.11779271878171987
144,0.573473092492917,0.17617461714197719,0.33211239903147943,0.1959552947926067,0.33258042443628455,0.17531282795965292,0.12584133703138312,0.08687274802914967,0.2881251750954428,0.17992416262204328,-0.1127698042431757,0.13460737957869626
145,0.49862759080786967,0.21095362905881626,0.2656702597370723,0.2504639853928874,0.28463093776708126,0.15999937928303826,0.10173268959664822,0.07899114609949986,0.29146414614415195,0.18353443136219297,-0.12531289870695764,0.13558107244802986
146,0.6111712441720235,0.17095402638153584,0.4065638504582135,0.1850042704198404,0.42397530736730826,0.17758152004289515,0.13439288791217205,0.08800025967611469,0.38541468654225686,0.18609104100947507,-0.17425719188512895,0.14054874786782648
147,0.563001691741271,0.24079587098553676,0.35626896406716474,0.2535103770844434,0.3647016367174467,0.21567374504855286,0.1563492692646542,0.13632184794050262,0.3001113345403788,0.21598939865743186,-0.11996040364423652,0.15687174774220602
148,0.5295922938176744,0.17501126904440698,0.3235245371610161,0.2020762472598803,0.319903519341992,0.13245384232461488,0.09606920916935975,0.0611246496325413,0.3378663706000774,0.14552706509060082,-0.15214573306625687,0.11661210970224979
149,0.750365936495791,0.14929957791550852,0.5454343132852111,0.16095418995015592,0.5487939492311538,0.1902047124778651,0.2243435487059906,0.09930818246729534,0.5127638820656,0.1921986801851318,-0.28794850468141353,0.1600611288054448
150,0.33610352498265395,0.1713960146702379,0.09241278560669365,0.18949072771857145,0.15470000018652358,0.0947143198284899,0.042694791366520025,0.051654577440219736,0.08630897665231042,0.14788371737035877,0.01637063378685966,0.1253209581984626
151,0.6567160577999657,0.2269111164947396,0.45362484223749905,0.23873841174272162,0.37387821663149046,0.17718925024447063,0.17083302021580185,0.1330006637481734,0.3555680755979843,0.2091641745310219,-0.17332153208953135,0.16491740699517102
153,0.48182688702526433,0.2105902520864353,0.25173584308737307,0.2097784656678489,0.24646791847721813,0.1509235981964021,0.07358740700884527,0.10817612748168812,0.2448469286143652,0.20081413698662914,-0.09714636790949675,0.1632414729045981
154,0.6481580161695933,0.1563962467739862,0.42556313472331225,0.16638522251607724,0.3865428125100111,0.13676788490102718,0.1526979702811325,0.06989822007519872,0.4102914104692704,0.1591238266208854,-0.1704010930117471,0.14978176638262855
155,0.6814604892993861,0.08611039488617761,0.4641698341969781,0.09115799824992729,0.46057505491739015,0.09906078038916188,0.16909837063042454,0.0546971267424419,0.48305987239490705,0.07997012496994538,-0.28001402079964327,0.08695571995410177
156,0.5322512983564992,0.23421792655003784,0.2950200602057667,0.271094391943799,0.26716582148156554,0.15634302117883267,0.10948659674943378,0.09676129789090389,0.3200013338116521,0.2049914275525765,-0.15007510618399753,0.14900478996132427
161,0.46856123125557825,0.2083976700827139,0.24931631154341605,0.21889969676940893,0.26348446554289406,0.15204883838371336,0.08062321550843418,0.08060159070270598,0.22694923361172042,0.16713969526204514,-0.06941475032188624,0.12106691640615654
164,0.5413407933711909,0.15498965245670457,0.30427512047454736,0.1597717003095704,0.30532748673154075,0.13752458294327682,0.09969039165391941,0.06877896649493086,0.2586435004215669,0.1472311758569636,-0.10457431498648881,0.10763464776262438
165,0.6155909226767782,0.20475684407821595,0.3984362541531039,0.22320660681963675,0.37146681835987494,0.1799732754382151,0.15445577555980697,0.09576815303640848,0.3503237119670741,0.20594503677300718,-0.15485395040659666,0.15475528235864416
167,0.6057267945168261,0.1807942393549129,0.42262547005625745,0.18597522777363712,0.36447066715297627,0.13798527303096036,0.1383510841300659,0.09060886465925024,0.3155167136752706,0.1426583674563345,-0.10735562060412918,0.10460700036047088
168,0.4299478515550135,0.19988843233478246,0.2050143506458909,0.2450257021081996,0.23080494252030884,0.1395771619593139,0.09707389657484546,0.06409807682156264,0.22641499858001046,0.16511027740430834,-0.07024743383592319,0.14519320831786967
170,0.6709244822076473,0.1576897568580255,0.458254941634652,0.1605275136859268,0.45754590137527024,0.16772104928341178,0.190039937833329,0.1084756856544912,0.4135008558806254,0.16062027189797598,-0.21385571238629347,0.13057496512677447
171,0.6733522899755201,0.21713331835564967,0.440966261020298,0.23184233021177017,0.4696305656448452,0.21058727418589487,0.18712819776705908,0.11053315309756535,0.44199899705715073,0.19963589267984574,-0.22058238358118462,0.15172543628253723
172,0.6240330104642995,0.22644662049796874,0.3982205269790378,0.24647392238757082,0.431210124427332,0.21563011359514356,0.17624102120087767,0.11574870631690201,0.3746012362014703,0.22921345274133811,-0.17962909244331934,0.16067700525446513
174,0.7773714368041061,0.14776883203846156,0.5663171336952527,0.16521729144219544,0.5578010942104695,0.16436625923715467,0.2522786819949186,0.10045798542763187,0.5593177365648205,0.16700866641007903,-0.3200464948273776,0.131137064097978
175,0.5172710311389092,0.16498039451963423,0.28648852754862725,0.17527051776016664,0.29168114064492684,0.12930735104520835,0.09926831785049153,0.06894353125429467,0.27080917228645923,0.14125004115355136,-0.117596764929954,0.12078711606478423
176,0.570941821646433,0.18017221762926589,0.3360079300282818,0.1956485999962699,0.34294903329257437,0.1515429487205388,0.1310244529868707,0.08854895605409012,0.34354364513810226,0.1475272202748555,-0.17241393252985415,0.12065249278896883
177,0.5143936865095949,0.19094032328271973,0.28184134653994763,0.20026057709042955,0.31296682607088677,0.16966808248295268,0.11329040939668276,0.09368736328624512,0.23098566453491082,0.18594281743995997,-0.07876198939729175,0.13538309213317049
179,0.6478227422070886,0.161083922207851,0.42205307675684933,0.17700004559590415,0.42768625320476467,0.165412091049048,0.1708690302016543,0.09682189838003247,0.3658597452054622,0.16626161501421707,-0.16824581539488534,0.1239919961142993
180,0.7053764958762969,0.2262185036964653,0.48269621660240464,0.2474937381474808,0.5085661061236696,0.19613099986703603,0.2274557084555188,0.11886595816685387,0.5025610684352648,0.20418849806817455,-0.2757004191293591,0.15793771834446854
181,0.6794449642524394,0.2358385981249644,0.449998810336563,0.2541344135706275,0.4579512995425224,0.2252064445868293,0.2040961810031932,0.12713878239076498,0.48158064726314637,0.22637976930938347,-0.27174669707217386,0.17207047367857212
182,0.4796791174904438,0.207690698712001,0.2420081730168865,0.23086200448725208,0.27943869075177635,0.1764894881546926,0.09920552368839616,0.09094374701696056,0.22672355848986406,0.2038450202559511,-0.08520796719209768,0.15184512210638001
183,0.5833003130545916,0.24247407599531126,0.34923436748835024,0.27158202506618123,0.37892908806331366,0.19957432295799168,0.1653118248420045,0.11076000851550485,0.3507708207445795,0.20016308046591222,-0.16849169949297105,0.14409105603303587
184,0.7854038157923717,0.14237497018311412,0.5708215510945853,0.16573180023782141,0.5060202874536908,0.1491858397941261,0.270560598101897,0.09010908532783193,0.5632602094124614,0.15935565905926727,-0.3254850070151741,0.13583110073425775
185,0.43858021099585565,0.2069852075899618,0.19072126078281,0.22241315632403535,0.2280572002165878,0.14326028216250508,0.07808371756442087,0.08011029693177223,0.229060034360777,0.17103508139979323,-0.09724870500493826,0.14191496356309602
186,0.7161642455247422,0.14882145840880823,0.511999999039282,0.15257847219702597,0.52045537731424385,0.14645115425558294,0.2122996039042955,0.10072518013837335,0.480150121191611,0.16004474879254685,-0.24361717214158551,0.12936365660479757
187,0.8282973832078104,0.03495428134799112,0.6306616017084052,0.03452282188639573,0.6087249720889084,0.05817285994464434,0.2819265432066236,0.04536818831075757,0.658288266503293,0.06158779022629952,-0.4004571612335257,0.08156006858729793
188,0.7482981558431286,0.15701554687924443,0.5409404740534036,0.17442928819178286,0.5328977546118255,0.1551692208248663,0.23510096935066718,0.09156746879952024,0.49856251486437086,0.17021167937251175,-0.25536622501741735,0.1293956555365132
189,0.6984268730866117,0.17877811673336036,0.4840987465200286,0.19665547036166417,0.4847405533973269,0.1798664346423302,0.20183909022778393,0.09642950486568778,0.47223794320962054,0.18357718112321675,-0.2514187590749437,0.13361678096270252
190,0.7191106486757148,0.16312704037880812,0.5130637643405341,0.21278914772690832,0.4294654641562705,0.14117937671928624,0.19378114732275786,0.058101096279146336,0.47758483751253034,0.15977448918705064,-0.2325281622460276,0.14231117585031372
191,0.6660905311060956,0.16639675500378437,0.4523377666923964,0.16826260452501884,0.4319953675233535,0.16286548559857048,0.1846946946791383,0.10505078296888302,0.392612817656379,0.1721025366456038,-0.18686220324099584,0.13319076296499122
192,0.8180193577335078,0.061109650846947375,0.6114382148536964,0.07012424220837511,0.6250068390487957,0.08514924484633664,0.2848324284584265,0.053244794014724026,0.5749819925796682,0.08371334187918486,-0.32293628483771697,0.07408740168651899
194,0.4793112150602318,0.18787282225410545,0.23360504193687784,0.19691381080941,0.25550583835562435,0.14164144065723658,0.09514398913166953,0.08524511282724355,0.2259997712104864,0.17817807119684206,-0.08368486675755829,0.14745363827707872
195,0.5024493807851447,0.23262787110824448,0.2620361660275707,0.2530632001746452,0.3013608233688915,0.18591854583256723,0.11404901409814713,0.10023033445947332,0.2609550301238112,0.2128841834890321,-0.11008449640774783,0.16494984589247358
196,0.6251684012222168,0.220407640445331,0.3961755456874027,0.23567893445038157,0.37568809975105544,0.185269754724089,0.178252412207774,0.12302305521902326,0.36994965422804277,0.20280218451656762,-0.18671553898313095,0.15400936228930828
197,0.6937667162250712,0.18629037192434914,0.4732643528541729,0.2169628680396466,0.5037099147967269,0.17132100308386625,0.211384435626629,0.09038219246385353,0.5108442058451351,0.1532617171460392,-0.2900563944426428,0.12497172644581622
198,0.593047542947786,0.17934454949882414,0.3672410603223216,0.19085061245123594,0.381113029229778,0.1883175909053613,0.14601218405568295,0.11133948139024952,0.3314055445222449,0.1879302826044478,-0.153952750337696,0.148630420811087
199,0.803391873791033,0.06902485522465578,0.5859865513220264,0.08363878029539289,0.5734499039641012,0.09153770403504877,0.2562273800880114,0.07267203110714084,0.622321396459681,0.07685408510781912,-0.3695000526826025,0.07960682358884924
202,0.5952888256183021,0.27808498855807506,0.3814939947760103,0.31306032283831736,0.3502000342335478,0.20886706502966057,0.15420677347610312,0.11353936766609153,0.3765068710219335,0.2294039400823779,-0.17723133549374273,0.16707344522538803
203,0.412063011131277,0.2048139922718747,0.17688086077534237,0.23921182999230078,0.20347944287266395,0.13754566499704235,0.07345785054279116,0.06003277181627363,0.21624013975073103,0.17354602140926623,-0.07237918697005535,0.14450963969240568
204,0.13994266619375964,0.13635976247179235,-0.10305956854252132,0.14761646930713337,0.07091512202664044,0.06935157019839747,0.018312473445877612,0.020515670872232664,0.053268596377379684,0.08062942024346942,0.009120965223718728,0.06919771504293416
205,0.6585463037423287,0.23431643848037137,0.41697778098267135,0.267187252127137,0.4295278753062788,0.20108825797324625,0.21430981592388626,0.12659912076095647,0.4302253220751197,0.24728085000672198,-0.2221764188942985,0.19160526404681805
206,0.5083484297164224,0.2174559961130076,0.28608937256267436,0.2247717579138823,0.3008205031997831,0.18244494667859917,0.10591794358836626,0.10316708276154374,0.24345472824337183,0.20991843218415315,-0.09346219421435412,0.1545531868015086
207,0.4470416015025109,0.2443498722175199,0.19675628089063343,0.2706176253341593,0.27954857271518063,0.1780244539477058,0.08580131896001626,0.07421245910651769,0.20668182430411255,0.23830790388077405,-0.07683148917868682,0.17231409361746472
208,0.738118953512122,0.14735630077717474,0.5355903618970574,0.15860896985636452,0.551357366137808,0.16069530505775023,0.24203535518795477,0.10200452845342083,0.4878410778117033,0.16782354481089093,-0.24231769850416038,0.15807170422135522
209,0.47174989743597756,0.22054243439813354,0.23518216540342401,0.23468892138993203,0.2700312125897988,0.18618772083247026,0.09514357524229232,0.09997517751145509,0.24018610843569455,0.19908422443049553,-0.08882547587755807,0.15273531999814968
210,0.5749016225743449,0.21588079492468407,0.3377929630113956,0.23541375799725717,0.36183009348720563,0.18891734589711048,0.15304509568028346,0.10804502350486898,0.3269206923942671,0.1922301342736591,-0.15554333414932048,0.14136450656658356
211,0.5219667049913339,0.23752381234003367,0.306231930430331,0.23480938567242512,0.33537240981517213,0.20079690239898745,0.12643299507483594,0.1116927812717482,0.2823994160904595,0.18974443907420768,-0.10787096035418424,0.1278777693986037
212,0.5175289400489372,0.1668337985873583,0.29103138293111763,0.1789936621059557,0.2715549069552809,0.1254135375823587,0.08862166291519202,0.06634751215466168,0.24545626102124782,0.15944238036438904,-0.07922282577028875,0.12737318262056724
214,0.49209616337769146,0.2153908133275502,0.24457609378209325,0.2502480268124939,0.27930037266493546,0.16779549793072054,0.09467496162761374,0.07323015988675788,0.27961962457807094,0.17989368828229013,-0.092091413524819,0.14188833944751672
215,0.516716543077586,0.1601153853514759,0.28665024661056043,0.17975443986449807,0.302788713991377,0.132822331809891,0.10004730376247807,0.07185538734758608,0.24738004207359182,0.1659363332103389,-0.061017105351297125,0.12571511966762314
216,0.6469116637521465,0.1593351460817708,0.41619182566762286,0.1622710476658888,0.394834894554859,0.15861392458838605,0.15547096944058297,0.09261771628169395,0.44052442547984044,0.20408503187295526,-0.23038035249913183,0.17632548053583189
217,0.5215462635603103,0.13769352033729876,0.30740519114066295,0.14041989867310659,0.2949772240519985,0.13539843198377086,0.09471566765139208,0.05717764922512693,0.2530563150724133,0.13473719671573398,-0.09927824057650297,0.10721103300925144
218,0.6719410418117135,0.17595857210268329,0.44009750749510357,0.21984869281033317,0.4707216625153484,0.193764906275041,0.21520415424250844,0.08305339825633676,0.41733454864222724,0.21062233838740166,-0.19868458663762226,0.15585341470224873
219,0.7100001432855904,0.16500002970543645,0.49375938964522686,0.17786706735377536,0.4796847984445793,0.16173576108099239,0.22072189826189917,0.10325101014257768,0.4521062736639089,0.17408098731862823,-0.23041028936599955,0.1324100544212597
220,0.3854155264605114,0.18961319228046866,0.13537296715338265,0.20508536204465141,0.20520395966456484,0.14712124676060132,0.06236179655243198,0.07313204573094478,0.17171144973941307,0.17833398476930457,-0.06208621715958656,0.14978702741302405
221,0.46500683985433894,0.24311974774336903,0.20598732234297482,0.2761750744569346,0.28413703348252106,0.2142490548168883,0.12701656254935537,0.09954558841255616,0.24360672407047917,0.23641648166924087,-0.08886035275774141,0.18375168172012243
222,0.5990542623796127,0.20580603040453513,0.36059403717199845,0.2306861000270843,0.37550928692726165,0.19469238861587493,0.155408168045815,0.10365676585441781,0.35567016516783073,0.19740424849716087,-0.1663489832828746,0.15585811288105783
224,0.7673883206085031,0.1484200389835834,0.572575716765037,0.1519642660509477,0.5865620997398372,0.17295894818955387,0.2691192297351193,0.10338544849642642,0.5515357144114789,0.15136341047587257,-0.3245215462219254,0.12788141774187545
225,0.6079530475359767,0.19128940319673818,0.39062848942513406,0.20000227664557516,0.39185466221142656,0.17392360556057906,0.15884219475235908,0.11063711328661051,0.3458869186363446,0.17410962204859687,-0.1541758694667039,0.12432821087652234
226,0.4905036053640341,0.1849166019471734,0.261686204357539,0.19877498619385153,0.2574409595609049,0.14100059381045396,0.08640374483257154,0.07638866540962834,0.22864773116078904,0.18684910308724978,-0.07876761523312495,0.1491498215579837
227,0.7941736660009289,0.041333053349115724,0.5976085556679,0.04667981478989562,0.5609150054443189,0.09000636818650497,0.2796596073072044,0.04214846862644262,0.632436421084323,0.06002743082920893,-0.37285844352057235,0.07122829793765455
228,0.5605039813986874,0.2001963088113726,0.33142373104281764,0.22870193399988162,0.3465064450512366,0.17638592087006982,0.12829303755556756,0.08400925487302566,0.31369783270023444,0.19853217723137168,-0.13098342542651653,0.15600373936655926
229,0.6138792158424742,0.19855500615773677,0.38610108978226837,0.2206558973825385,0.38943832144926216,0.19272399355952205,0.16659451105670897,0.11571208005329495,0.3801016669792287,0.2049344466972605,-0.19552801478542628,0.16455746857257583
230,0.6022096091476878,0.18403021625369442,0.3790899847998007,0.18533972037252,0.4042315684224873,0.1706155787845826,0.1568540139064212,0.09411110620658608,0.34219749288497825,0.1967897904298809,-0.13098125596510202,0.14411189775706432
232,0.5240455133014,0.18449767094991093,0.30163878074398776,0.20390811974250472,0.2931784404394558,0.14931352507995188,0.11476038161595543,0.09077575592773782,0.2602996044099167,0.1706391731145348,-0.10676377407741429,0.13593243923993945
233,0.47342120861140696,0.19813635541061994,0.2329507032852284,0.22115181262140615,0.26085206781935605,0.1465969642422273,0.08905910717428378,0.07628031148349577,0.2220202857363068,0.17841804975912498,-0.07433565893751783,0.14845007479020583
234,0.8366848097332927,0.0523449102668875,0.6199042927967491,0.062266109191223454,0.6181438511989815,0.10574631504606256,0.3105452738111296,0.05661037030156239,0.6298020415013634,0.07552936439092603,-0.36508777834114364,0.0855352747604425
235,0.48382745747003075,0.24209068385790314,0.2596423990334382,0.2596701568142251,0.28965137089555215,0.1850459785975666,0.10207742601168922,0.09113488982419186,0.27224179199610626,0.19476687120531733,-0.10034616476742661,0.15329677365767486
236,0.6240330104642995,0.22644662049796874,0.3982205269790378,0.24647392238757082,0.431210124427332,0.21563011359514356,0.17624102120087767,0.11574870631690201,0.3746012362014703,0.22921345274133811,-0.17962909244331934,0.16067700525446513
237,0.6246738711811275,0.2429619269058244,0.3965280389265614,0.275782742795313,0.41923115836231056,0.24003351795067293,0.1840811997410072,0.13853851056614513,0.36390766168995403,0.2610734993871098,-0.1763681844886357,0.2055868620655137
238,0.6023543750730779,0.2271944823884063,0.382319164189508,0.2365059664345905,0.39855880045418135,0.20064927531396765,0.17360022471086706,0.12085181128239834,0.33734947582082514,0.21985174572119753,-0.14802817363804713,0.16097727429791323
239,0.4706433804548094,0.18057237392163641,0.22885497822369555,0.20270351068764858,0.26922619486221017,0.13588334766723173,0.09204713613410599,0.06854585376934486,0.24763642909698425,0.14515971379765008,-0.09736678280304777,0.11260146809156614
242,0.7587994298864433,0.1573915524010131,0.5560305293030997,0.17011595865634827,0.5550304551462122,0.17815058072460718,0.23800313231419024,0.10443070808885431,0.5525415073095582,0.19727801227723957,-0.3340140573952055,0.17509851682211824
243,0.4928880878537447,0.29107719547661637,0.25732429770009446,0.31477035152239535,0.29672408211149337,0.230586958408604,0.13330544170076256,0.1378762035956087,0.2988616461708995,0.2552690295770352,-0.15603622095660977,0.19624780298399305
244,0.5269261531643439,0.2192265832545103,0.2064829970323407,0.25896572640892274,0.28739950009827203,0.17222871451506058,0.08360760183723027,0.10745295595937014,0.39136091890659797,0.2046090469087253,-0.20744741376133302,0.18603904236097973
245,0.47440776395712025,0.1765062403657221,0.3298845128701769,0.21842958065149165,0.18974780477540107,0.09631258084652553,0.0691332167905731,0.07504886294095109,0.1806017040156425,0.204330193289996,-0.030366140420788407,0.16290211694470516
246,0.479930442095712,0.23692259066017854,0.2379249305511306,0.25739983755884643,0.29002539806835115,0.20036216509426347,0.10562143176419399,0.10617056518361835,0.22849847311237462,0.21879936353660562,-0.07270328195837723,0.15511879484575528
247,0.5071824539876587,0.24191573595321186,0.2927284710395677,0.2659949788679829,0.32661454837092285,0.20116176774654476,0.12534835849941653,0.11387348882222217,0.301767873721001,0.1897480721908232,-0.14514786328281393,0.14509390693508922
248,0.5579771395536607,0.24720342588299865,0.3215294247323545,0.26441171693147286,0.3568087796045679,0.21825811093140798,0.14203925306836584,0.1239221419394439,0.3063566359744915,0.2183339640898638,-0.1419588478348586,0.16281530239293576
249,0.5629510611260891,0.183730842447815,0.35218193445851764,0.20381457736401776,0.3460558420287171,0.16596241507047535,0.12284598360966123,0.08468981636432697,0.29706711649309236,0.18924858221971183,-0.12378052502351342,0.15200750286917936
250,0.8535414593949003,0.05054112956553356,0.6584538174227625,0.046843523814960715,0.6709893173461339,0.09149168760754213,0.32422758359012877,0.06204886115664196,0.6381743392386015,0.061660463676156636,-0.37589396160625477,0.06536470128690978
252,0.6205501612168823,0.20460137882208934,0.401014455801214,0.23278219792505944,0.37234170397884553,0.17069495556537004,0.1580065121898872,0.08951190941374407,0.35948526810407444,0.1938128229838419,-0.1596856753557956,0.15636236900685394
253,0.4927595135207324,0.18772683101360857,0.26639875546896324,0.22505468823936237,0.27371617395231534,0.1649831320044785,0.09420064503374109,0.07166041935349979,0.27844082194119923,0.19651176850929772,-0.12003871931927523,0.14607989899676493
254,0.4936613857359009,0.1967520494405232,0.2604595270287517,0.21771559017187903,0.2641604120220763,0.1568345703493166,0.10189590681849546,0.08310857511947303,0.25184287517691084,0.19605582574803834,-0.08770675474445731,0.15783716948004298
255,0.5564511170214962,0.18635467583790857,0.3375055158393437,0.21764596628881588,0.3198445087519694,0.14393849454902813,0.11626016954133236,0.07648092825957054,0.3133610592964046,0.1681180481392399,-0.12535237659883897,0.13664386105592333
256,0.6160868881297129,0.15109385110891532,0.4100416647005548,0.1597143224413969,0.3941480235408384,0.15901388740692476,0.14309621063211422,0.08881731122892292,0.3681497267155589,0.15015524507118355,-0.1657314916873521,0.12014632794536792
257,0.541767440123532,0.22382206781522013,0.3113962283577312,0.25946535947386457,0.3319335217533285,0.21826324150596157,0.14048180758956855,0.10794099765329891,0.31088258702120986,0.22209032565171935,-0.1301887934448314,0.17820173553510982
258,0.6872262858054468,0.1333565709732685,0.4951885555008739,0.1558586904481183,0.466937517862195,0.13200103287886897,0.17310582078383227,0.07318560767834262,0.4667620744933599,0.11111399376137841,-0.266869431130263,0.09967189570985087
259,0.7478073418011814,0.11284750092575048,0.5378793133746688,0.12350640690460679,0.5494353194816921,0.12068784242051506,0.22202751626525188,0.06865060693733296,0.5317844764890489,0.12362150797098866,-0.29941319561375196,0.10260069043921204
260,0.5243436012128223,0.22080555758700277,0.3034649912249813,0.2507436456483187,0.31798078668370966,0.20249346762847192,0.11053360392662011,0.08494514159112075,0.3088598482268656,0.2127560459765774,-0.12960957512162022,0.1587802711480616
261,0.7131218873042106,0.14282112947943504,0.490520491402714,0.1593128517475316,0.47279758100507296,0.15680962241756702,0.20924629262884548,0.10312371455462588,0.4777336244121104,0.14235639175948675,-0.2576478323974785,0.10890707176026848
263,0.5386881060063525,0.261801762518403,0.32049613750774386,0.2803125465391536,0.3670410115091058,0.2264796737535758,0.13957021710987708,0.1151627647878456,0.3451846309437644,0.21715326369726323,-0.15293023906371556,0.16346016558442228
264,0.7996103937884805,0.11565275117146749,0.5853162157678303,0.12861864741773743,0.552893091653649,0.13412614068652814,0.26930136673287475,0.09508604817088682,0.5573307573508897,0.12434242246791963,-0.313963843446927,0.10849238611775995
265,0.6723201172003282,0.16969887979912435,0.45936600082299156,0.20396748435202028,0.4472231364131031,0.17260365510209222,0.19021417487299697,0.09668961271017092,0.45632586082043886,0.1484207199422997,-0.2360328395481173,0.1114885909329292
268,0.3695705990375658,0.21145890596990954,0.11699529308175437,0.24152859946134403,0.1816983365779495,0.14429758401713014,0.04975975465921703,0.06296937946000268,0.1551756313186795,0.19027738626159646,-0.03569060176113392,0.15772544509042558
269,0.6442014687451889,0.17426455457378234,0.4256641835605654,0.18934464955382868,0.405150299027288,0.1648785493827516,0.14842110493208985,0.08699071373798554,0.4268356886096978,0.1770105410866169,-0.2039728674365284,0.1408432053428873
270,0.7345040788974896,0.1424335525065145,0.5018304339543143,0.17907487866978974,0.4355110762520604,0.17194343632804066,0.21897387935377732,0.08805458700087762,0.5413161875375408,0.16083066555381037,-0.2976605596868054,0.1589377961605624
272,0.7129483869710196,0.2100385402810128,0.5140298292698411,0.23728209426881455,0.5186267046734812,0.19583483689486011,0.22986757867886784,0.11439326430074317,0.4397545744388774,0.1996998897902537,-0.1962060889695555,0.15171575615759866
274,0.571169575377492,0.1408432244908755,0.26627517199893797,0.1919723138808518,0.29514948749762887,0.12753890521615352,0.07867252499423702,0.0826446358078051,0.36727823254744935,0.1798897743236358,-0.17142151383585014,0.1632110416343553
276,0.5997886605612279,0.1534159481511752,0.39688958424702764,0.18889051088731923,0.3275573849582553,0.12605099296987027,0.1195144987516246,0.06771321190411195,0.4090929401990045,0.17468596105470258,-0.19929621439701486,0.13944249667385575
277,0.5423727370205401,0.179585644499925,0.2392077436921172,0.20383443128413054,0.3163220406133279,0.1584647598278485,0.08588513800466058,0.058661436251995554,0.4829352380053525,0.203902932428296,-0.2986230584317148,0.18484023164094093
278,0.786853413317614,0.09441334449185709,0.5884268094291075,0.09791011640934215,0.6036655478801376,0.12263386596892469,0.2578068634097354,0.07006904194836323,0.5730378329786215,0.0809284936614397,-0.3190920527316329,0.07221562962523384
279,0.648992422099262,0.18511991535942385,0.39550230592791563,0.17931365950418454,0.41770557853573537,0.18172998918397973,0.15281876470579492,0.09776547838308383,0.422387203618993,0.16991221532634013,-0.2211411530942628,0.1339778413126557
280,0.5279953219227094,0.23895381016718586,0.3303791323702343,0.24848933007312557,0.29336627873173426,0.1810947350253961,0.12689370885198814,0.10543489914695219,0.3504346842316821,0.19988218238653516,-0.15859320070228886,0.15114314957965955
281,0.5120857281055998,0.17142683153540889,0.28221213791405336,0.18800184602930314,0.286202703099081,0.14968606147252816,0.08429645637917067,0.07392464812875767,0.24239796543245032,0.1732405941269525,-0.08191645587893494,0.14496347390969927
282,0.35846578348161073,0.18857277592686242,0.11603569312816722,0.21011741744168097,0.184872968189071,0.11712661511922133,0.0422702295270467,0.05589904638484914,0.10667573481052314,0.16295739050685243,0.005879366731936096,0.12215610739947308
283,0.6039933838432383,0.18022547329209374,0.3718655798866405,0.18985940632531523,0.3381328881760135,0.13785231925491728,0.11158526952836063,0.081112242855240907,0.3548451776002869,0.17924531665914673,-0.17893361256083753,0.1365747234005947
284,0.4941953738339529,0.15889616266449016,0.27848425268351484,0.17200997258417078,0.2620855314942571,0.12938000758723178,0.08334435154411297,0.07265530770059084,0.23250026260439552,0.14876963642999302,-0.07536240524812665,0.12350197235189277
287,0.5371009019952887,0.2621615235286573,0.31122988938359436,0.33629285016579197,0.3345378527432511,0.17193631722893088,0.16826975932833244,0.06702079953491803,0.3929916720152795,0.12474468779307915,-0.1701287266290986,0.12180656173609652
288,0.7654734399678808,0.1864088251436485,0.5300933180903861,0.28434353028338016,0.5455296112491137,0.20838484718623648,0.2479469372540615,0.08313923319601414,0.5972780548905772,0.16448873693774113,-0.3630026393604999,0.18085118280105913
289,0.682919479755039,0.08376578709551642,0.5072317225351992,0.0882694714311775,0.39680589072354466,0.08485885338930677,0.13315584749548648,0.06368330445381414,0.44729966371800955,0.10380080407440764,-0.19818589210520854,0.10207180644735023
290,0.49083778892678526,0.21495687717676615,0.24720225797228573,0.2555065486491425,0.27165287709527164,0.1742147224121486,0.09664930311715692,0.08490149136350376,0.26560747233912285,0.2023447249250703,-0.11969391481525418,0.17460055972564426
292,0.5812673095212906,0.15177536345689252,0.3664308911792708,0.17411591317612057,0.2734278766938356,0.13612225147353574,0.11678585228801072,0.08893553527406602,0.3325284102343,0.1613117765597406,-0.13712247609492825,0.11763597499479736
298,0.21921348650157763,0.301706578794899,-0.06189530411092422,0.38323369604069046,0.1594209023074385,0.19395186049342425,0.09247567201892092,0.09291261637446145,0.1731228808086431,0.22754085865517013,-0.04282607043990795,0.19745373689175108
299,0.6872762888522903,0.10857527734196498,0.47130771153936557,0.11771008419349259,0.49612881017510113,0.10441815359713319,0.18396770564467332,0.056716378944669,0.3950940136572296,0.08728458198502351,-0.1404927355522782,0.058840050462296734
300,0.24818412301477474,0.1702010214479836,0.0026662829433655817,0.17961851564498943,0.1296564952691468,0.11445102708605898,0.021256881436934983,0.05384194068137595,0.030829534820721375,0.15514360757635018,0.06852586479866535,0.13330005708333306
301,0.5874431537743966,0.20782130397219423,0.36295289727215263,0.2273324115123248,0.3885089672802661,0.1867048440948142,0.16623912872228813,0.1278952660979868,0.3446107211943179,0.19951238696099782,-0.15541341778283096,0.15341282089157687
303,0.7039056402344467,0.1788496018169621,0.4732399935183067,0.21557347237356209,0.5182277534616315,0.18743880554967787,0.2136339438800889,0.09334726658545511,0.46734380510659784,0.16318941231331602,-0.23770244198872098,0.1282503210567849
304,0.7517988723187682,0.16124441528993974,0.5413956372221098,0.18943856806399711,0.5876715940855762,0.18792698693921384,0.23692145744897597,0.11138482492192402,0.5424660671574841,0.1552551545629472,-0.30716224247008617,0.1241307478757834
305,0.5173580321844294,0.2413105674471672,0.33332550062307265,0.26736871845013493,0.30348410330494985,0.17187841170721524,0.11789382436508439,0.09624570441711236,0.2893015882767015,0.2063745907449276,-0.11480345965253776,0.1526210471344848
307,0.5259542721367854,0.19182940299676676,0.3083327857747025,0.21403526923528665,0.2860218770995565,0.15001053334674552,0.09468636350551919,0.07840284982453456,0.2729826818989745,0.1869797076226855,-0.08588759787391174,0.13485924966034904
308,0.6107778862594173,0.15670494734886162,0.40858779411602103,0.1661839445021738,0.384904150992148,0.13620405641057715,0.14193030137036416,0.0816449415963305,0.3458624570708068,0.15269827372970926,-0.1265671776730078,0.11473538767968243
309,0.5921005385240401,0.17503846808747756,0.3664588055942687,0.20508321440439703,0.35006280604675255,0.15080108769044906,0.15017071183800446,0.08451132184959305,0.3388562169668993,0.144514310302326,-0.1278301855034702,0.10864925249390593
313,0.6541909327862141,0.2019173754696349,0.44163020086467836,0.22465320196285943,0.4819704645562118,0.18751953402494934,0.19415861726064218,0.09343809952013889,0.4237059282520131,0.1824871845814329,-0.1920617895844975,0.13202468405706475
315,0.6075686619927335,0.183286314563683,0.40796785115891115,0.19775171078941925,0.33967623728552265,0.1488389571939511,0.12831089722551703,0.08012136724628847,0.3040364987912708,0.19078604981291994,-0.11070560600182064,0.14301495025632038
316,0.49078414805272297,0.19729798147239766,0.24732120772991228,0.21503333420452286,0.27682915032423167,0.17130965375725357,0.07998135093258658,0.08063149584711433,0.22850811468260712,0.20490329180766434,-0.08346961518470025,0.1680783695851652
317,0.7362102887561467,0.10178277639467871,0.517212335061176,0.11886517673782133,0.4760089481157239,0.13615672713763152,0.20585818892194652,0.07239392388867305,0.5351210574371584,0.11740246955283007,-0.2858402348696264,0.12788319789093314
318,0.5087514518584862,0.16039352123687173,0.2884470013914366,0.18375002850239616,0.32154495912065634,0.14074252123787198,0.08530804125920752,0.06508484724357887,0.2579629426408933,0.13584804392555697,-0.07392064807787499,0.11330159459579872
319,0.3314500279896587,0.1729301799416532,0.17310290974836928,0.15811980108971518,0.18415500028234677,0.10247182826512359,0.047002770452651825,0.06161763203176578,0.1421808515963965,0.13312758922572515,-0.004295763957492364,0.08807252017587827
320,0.7442959354599834,0.11222820501142063,0.5304060953216492,0.11607710131944007,0.546871465615025,0.12645461194995122,0.19647590853057753,0.060810019538384615,0.5445628039762509,0.11413825882009598,-0.284363758668427,0.1018796900204157
321,0.5303766388153828,0.18784360496921526,0.3152231149947701,0.21489579400249476,0.3622499845111129,0.16599608488871015,0.1212498954920603,0.07786236226537879,0.31743037344295433,0.17787831611676772,-0.15050804198905518,0.13864530521118262
323,0.5693176594202097,0.1626081411008437,0.3465453395693316,0.17515214347446104,0.37026352651899946,0.13965765376294365,0.1182989162264101,0.07292570377093492,0.29549387156259055,0.13926383957264646,-0.10040299292693666,0.10410792020537472
324,0.6285760909733202,0.15935491815973868,0.40802664500357716,0.17888110585165218,0.4601401501042635,0.1935074262367038,0.17471132814050191,0.09524734629002825,0.39570267375058477,0.18132806377661756,-0.1870389228360319,0.1340821523359246
326,0.5444041186809683,0.1949704468575718,0.2974754101564268,0.20767446183848726,0.3947310606007063,0.18808425530646816,0.10726670640762839,0.0707211492343742,0.37120101364919955,0.19008681062781252,-0.19981449091611353,0.15433190005265557
327,0.5317167270160852,0.25616378612993385,0.31804752727087804,0.28039586555647217,0.32872877044083976,0.20290508120532272,0.12915022936551154,0.10174617681560849,0.3053705475836077,0.21090881771796335,-0.12818299433417985,0.15682363897233634
328,0.5662646651298702,0.15346218514550808,0.40185696262100556,0.16118493110084972,0.36834929885158607,0.1582257089002412,0.13975104645267078,0.08389443006439239,0.3348228498785799,0.17007169689311924,-0.1414298878638858,0.13991054900261676
329,0.5160827213454873,0.1923794630167819,0.28996283185685456,0.21235830275389989,0.295935966735134,0.16698700103447303,0.10219404132508897,0.07937100144574717,0.280501956067195,0.18512276967638605,-0.11915459036219048,0.13252975976611264
330,0.5338026649983901,0.22015270410192417,0.3257821379494744,0.23873711579202572,0.2982937171334587,0.16421236927469546,0.11960230457719348,0.08742437964760912,0.2723932557963162,0.1893873764011293,-0.09644722626910733,0.1411319916106882
331,0.5525737037138571,0.21979268405839586,0.3418772591722169,0.2510520637606051,0.33594490268814275,0.19559685069385976,0.126943922566793,0.09974000627642422,0.27066097649234144,0.22953581150185334,-0.10011142407546907,0.18403306663605748
333,0.5962677245829151,0.19408763656770386,0.3989277026504399,0.21555475335292326,0.3350982539749806,0.15948546721543602,0.1445794902721235,0.10332368759022045,0.3077162680329143,0.2088616046401434,-0.1266278947432547,0.16467069107196536
334,0.500496907470438,0.20748953552485286,0.2870953750223732,0.2381545340799701,0.2732961009925767,0.15049088802594682,0.1031774127593919,0.08409544940951785,0.23946014535910692,0.19033609052943265,-0.07449618052396505,0.1468048355535377
335,0.5976854740008424,0.18103332503901487,0.3649155908429965,0.2089421229684223,0.34106185317336807,0.15912846321722657,0.13855160266426012,0.07856391682179617,0.38285268029968067,0.19098447145784683,-0.1877685962014491,0.1455489523152762
336,0.6788219893139025,0.15512790418466124,0.48094521769947624,0.16451571646958646,0.40238214441660863,0.10683225646030547,0.22914602639366288,0.048968083516592535,0.42956135653193267,0.2057965051936048,-0.21179228033231326,0.14493923455117302
337,0.7615881419105648,0.2127822646285979,0.5680094201620257,0.25129061737316555,0.5751929397734936,0.23315000544252637,0.285923630933906,0.14176807707500394,0.5722932700105069,0.22306726761329726,-0.34519920944970856,0.18503524051215586
338,0.4022099606783681,0.24001667886822442,0.15768876288854886,0.2665176885009126,0.22786777431985117,0.1951257565868301,0.07987712506988451,0.09202838591197819,0.1990864957997111,0.22494645446965966,-0.0775088028837152,0.1785762253778051
339,0.49924478324880467,0.1651873375371383,0.2696968137326155,0.18653452320610525,0.2716847879906544,0.14639398887633862,0.076643652139182,0.061622337044438695,0.20047217389680025,0.1666623350857991,-0.054937444094491854,0.129109140988439
342,0.5096877087663985,0.1722138660786756,0.3273468436509292,0.16952618388097038,0.3119075518266523,0.15667399507468963,0.07709724765622383,0.08160235648569249,0.2631724356303291,0.1614080549504446,-0.09693354835602246,0.1201847089575197
343,0.5430588806258457,0.15220213006377323,0.3415300505555634,0.17050828180097496,0.2919846749606977,0.11216646827828025,0.0921565000958213,0.061491525915451206,0.24684941541791852,0.14295937529786942,-0.08978464840908577,0.10482845152655096
344,0.449422067290134,0.19063975477710565,0.2175863954764024,0.2066526699980829,0.2565874527793269,0.1554630020331748,0.07275815965077068,0.06688674869327016,0.2030172219464444,0.1683166408667741,-0.06220554345750694,0.12850312860318255
345,0.5170912093225424,0.1628682091059886,0.29342226522158144,0.18760668441437317,0.27243950129245503,0.1262610664426349,0.09523017874102326,0.06227219755559542,0.24857826719130297,0.161721797182988,-0.07568532971151433,0.12067532588681666
346,0.6072540626843526,0.17406306410666503,0.39194721159620116,0.19093441413230375,0.37612543571481,0.17896027663368602,0.12648319942601005,0.08286226890115526,0.3216562905665926,0.19295268023144727,-0.1385813893254392,0.15302649713640712
347,0.6640045560343137,0.17170360782518693,0.4386594543819557,0.18201835580959005,0.44596373446477866,0.1882209380640837,0.1738939866154764,0.1015063813181217,0.39800837732451344,0.17809030510692356,-0.18845634364324734,0.13370685187522624
348,0.6522971012854034,0.17055654102465073,0.42265856382059036,0.19388412207077033,0.393079157362076,0.1645043876496014,0.1561377720616073,0.09048306041693809,0.38251351470890693,0.1513688241762994,-0.19023525929474874,0.13264642152320286
349,0.37297719963208326,0.1407582386923439,0.11638063006500371,0.1550404330651174,0.19470607398938963,0.08756316624609825,0.04406807867710406,0.033156031188895055,0.16701485476704617,0.11579168801082095,-0.04356923267337628,0.09933386967470849
351,0.7911663324407034,0.08395840102161586,0.5862186707968716,0.10162063892253635,0.6316358399280767,0.10297315042683461,0.27031992718770853,0.07633790586849817,0.5849905966628901,0.10667871402817407,-0.3422335843136691,0.12211624943782813
352,0.7566216617856376,0.12255730377406868,0.5560175435904455,0.12990304177531237,0.5507847847377729,0.13032242806172287,0.22713677010154046,0.06541637172549741,0.559578157183262,0.12526331986524286,-0.3231540495410491,0.10392498934004857
353,0.47455831039814594,0.1783623849555389,0.24046074391129374,0.1964742113917383,0.2633015271938179,0.15072329132151896,0.08423480392807471,0.06999330569186525,0.22547032044728998,0.18785406257303064,-0.06654667676472836,0.14927544792865394
355,0.7696123845277655,0.08130611191955053,0.5760330268483688,0.09351961526929499,0.48554755956356105,0.0982826763528636,0.23720988752897418,0.066754011725651,0.5093626661265639,0.11210422873801346,-0.24984375703375813,0.11602254804429374
356,0.29503428357568173,0.2155940751476907,0.0548930041759802,0.2408311714647116,0.1622382461911471,0.13856133796309247,0.043115772444407584,0.05378326827849855,0.16114181291390117,0.15344550569921808,-0.04669076186810071,0.11844086625926066
357,0.3994833539501221,0.22648363492463536,0.15888847160915656,0.24410906287096187,0.22474353820952644,0.16143552478841172,0.07220286093011666,0.08555547716763943,0.16893460777540567,0.19291913096045454,-0.038655038806767905,0.1563028738019835
359,0.662710359865432,0.16337944309249441,0.44350766023573324,0.18609605595329912,0.41609298480873436,0.16638758770917364,0.1700758170852371,0.10222610388167488,0.3997737161660358,0.1736790318527044,-0.20561879993625998,0.13100563971017148
360,0.5870049535986459,0.23521017569851646,0.381676217694626,0.25046521777721714,0.39617107277726105,0.2124010873945458,0.14092472288752034,0.12912045318567322,0.33335065240525974,0.23023494781262308,-0.16287967158897707,0.17052598158091825
363,0.49015188444038815,0.23687474781722376,0.2744091761085039,0.2753206168632864,0.2736586128405044,0.18666216588422607,0.09368099962403202,0.08206412452536295,0.2420784161349827,0.25184248539130005,-0.0961574014545194,0.18946458769676452
364,0.6050796018033089,0.17584995191910852,0.35230980432239933,0.191532864017679,0.3310011697007163,0.19370866253820473,0.12129651137882189,0.09580674082520318,0.3488135629413751,0.19323605038713268,-0.16421356352305652,0.16753706308651156
365,0.3168686877176724,0.11571009255889336,0.07921723486485133,0.12636573621508934,0.16328168816085548,0.07236053386467141,0.014794102061551987,0.029343099892634564,0.06137355211317124,0.09801879879655423,0.03995743756890423,0.08082292442702389
366,0.20819119782395926,0.18471263400766946,-0.06426062391865763,0.19675533732453224,0.10034116639117134,0.0925971122140108,0.02611396846604005,0.04416600255308216,0.04584787247963891,0.1695767971039671,0.038608793088445725,0.14571456958918505
367,0.7704453791903745,0.07841549290702704,0.5766298397405308,0.09032284682086551,0.482541798622299,0.09649277770511404,0.2359474368942973,0.0642595027141905,0.5100889601811412,0.10731625352421018,-0.2514420210763795,0.11050170585464113
368,0.606984844416326,0.1705175967470543,0.3711623840256842,0.18785999990548624,0.36200120941069364,0.1376469871211857,0.11106678687227856,0.06285744180008808,0.35061236249387445,0.1622495240698564,-0.15534969172243296,0.1246870083351401
369,0.5243187541213863,0.19458422729616012,0.29196238876038555,0.2020229841773758,0.3345197555180983,0.1372359735303727,0.10593721510879044,0.07904811067773948,0.3164912877985108,0.1774511354468319,-0.152156302138489,0.13150391622195431
370,0.6562780847304336,0.2034716108123141,0.43402849436629437,0.230866930961937,0.41521466573843663,0.16549466422176415,0.1557279812349012,0.08347720754121346,0.4279759319241361,0.1835737033345174,-0.19867649692320646,0.13125884799255444
371,0.6437531038400621,0.1446559050416616,0.44413139841162064,0.1339542034883203,0.4059902599518889,0.10938664715097027,0.12594891577412262,0.06969342301734761,0.35956808836065407,0.16916281011817927,-0.1453757057089083,0.1256176159236443
372,0.6875122047676135,0.1255931181713447,0.49199319057097074,0.12693686042307395,0.4473311263121752,0.1021402217038339,0.14060219964841353,0.07291470068423898,0.40451187827932983,0.13823274170320018,-0.15383625988704233,0.10767755431421545
373,0.5307229699048426,0.20477463986476677,0.28527175036471253,0.23390511261072344,0.3207585935646362,0.16080328464924684,0.10682361125510807,0.0736036516084697,0.2562559036096056,0.16073767375643264,-0.10122086439639984,0.12409762965096893
374,0.5147822297953112,0.23231931778678125,0.2451322826507398,0.2307683672397516,0.302614672128347,0.18601408404621708,0.08851655258786521,0.07910152628563451,0.26374786797431804,0.20899636039467714,-0.0958159802813827,0.16215842430323948
375,0.5397408420080315,0.28435243003999383,0.3066384400815168,0.30576895642831375,0.3109123663545006,0.19867284169299496,0.13553704238322548,0.11757908475397816,0.30703691153739754,0.24688127165070448,-0.13678073415546133,0.18849100290828108
376,0.508806479750611,0.18468825521439472,0.2732907037734473,0.19905177885406192,0.2886611665264633,0.16180146635314838,0.08660360892923948,0.07393885919753053,0.2219372182079933,0.18419253056902263,-0.06439281389151723,0.15919729096804464
378,0.609026532698422,0.2141437592282041,0.3883232583041862,0.23182753882533,0.36092249191591336,0.17507826074910582,0.152490954031433,0.11269121382698084,0.34150185313372694,0.19658838952937946,-0.13715117788374914,0.1485092106203861
379,0.4760203188786628,0.21111554877111033,0.23374156475195387,0.21272121949975734,0.2657979492535234,0.17592437632990524,0.07987207012112747,0.08748872783409473,0.22794650722830437,0.17769720794170618,-0.07230323373288412,0.14344670207212468
385,0.5316772415978364,0.20413302652937668,0.28608749634759206,0.23117822689222367,0.32752731842923727,0.15312799923715592,0.10637044847828141,0.0739614808932077,0.25743458561102095,0.15385951238712167,-0.10153417420580133,0.1180910584414914
386,0.5316772415978364,0.20413302652937668,0.28608749634759206,0.23117822689222367,0.32752731842923727,0.15312799923715592,0.10637044847828141,0.0739614808932077,0.25743458561102095,0.15385951238712167,-0.10153417420580133,0.1180910584414914
387,0.39211872768461187,0.1581698497503872,0.14809737348132043,0.16979246436270976,0.18810021778745414,0.09690463140261257,0.048507436721393425,0.051001874792440054,0.1376679714945525,0.13657328022139584,-0.02441419807674579,0.10798112923342625
388,0.5325171868212447,0.1470384101982034,0.30556067155682437,0.16885310743942514,0.2752690330683872,0.10401597318870624,0.09033813061613404,0.05670654393440929,0.27638305467671664,0.13795923103570745,-0.10809465312068098,0.10799430431644531
389,0.7186578841477452,0.13007324054981093,0.5007223859675654,0.13687084305788302,0.488978407437437,0.14345907906739502,0.19185715012611546,0.08442605981121162,0.45912364170336994,0.13457417449906442,-0.25190381499804454,0.11434529694107287
390,0.7201402909808118,0.12114855121348277,0.5046602249327841,0.12571985186754622,0.489766789906677,0.1343375742550139,0.18939867210869316,0.07891888884465571,0.4607911210132836,0.13058634390077878,-0.25481802957904603,0.11265796349641397
391,0.5745444092848774,0.1881156125449068,0.3621796273351095,0.19234752363095123,0.33345984873321216,0.17545331574968875,0.11658174912113098,0.08797963723925545,0.2955326294077352,0.18709924716258342,-0.1206766578402798,0.12840788642386997
392,0.5777790553266727,0.19139103479914776,0.36696480459823133,0.1933486034188004,0.3347577123211433,0.1764185948840051,0.11920893877221465,0.08910327487934845,0.29653211683889696,0.18998979224052467,-0.12116725874034806,0.1299057640955268
393,0.4329288756087926,0.19489291037597736,0.18293482443988798,0.21129352354601671,0.2316231713016102,0.14500359768663074,0.0711984048904266,0.07467705096203375,0.20089826988595771,0.1600405059608303,-0.06135295035213209,0.11833544663171212
394,0.4042387951221416,0.1547077927403276,0.16152848266613828,0.16224808236866578,0.19919121567127734,0.11151452283627719,0.049458411819329806,0.052541175814381454,0.13665248777360836,0.13588059180586817,-0.018575644269871596,0.1095623496870784
395,0.3737649623335152,0.32495637135648164,0.13983461903916658,0.37459455830303773,0.21179606537304835,0.15590368384562556,0.08838569638498125,0.08183959657361484,0.2329161001663087,0.21745464798613584,-0.08995804172779526,0.1741878952621313
403,0.678850338960743,0.17223753799006766,0.47611062898447004,0.21257141179917244,0.4013085338618667,0.12314143718644673,0.165747254619336,0.08927517293078042,0.4540473698694547,0.1729834750320326,-0.24690335081449505,0.12724132388504808
NA,0.6236008054686066,0.17241402918957502,0.40512159199796316,0.19198480689993372,0.34683225284809555,0.159662629100791,0.1530746707630928,0.09485275553993623,0.3690274118480799,0.18338456946230577,-0.17620175948181316,0.14145033595936146
